"engine"	"operation"	"records"	"threads"	"replicate"	"status"	"elapsed_s"	"peak_rss_bytes"	"exit_code"	"prepared_bytes"	"output_rows"	"count_sum"	"stem"
"gravlax"	"prepare"	1000000	1	1	"PASS"	2.4	191016960	0	1915902	NA	NA	"gravlax-prepare-n1000000-t1-r1"
"sql"	"prepare"	1000000	1	1	"PASS"	6.544	528662528	0	72364032	NA	NA	"sql-prepare-n1000000-t1-r1"
"gravlax"	"region-full"	1000000	1	1	"PASS"	0.097999999999999	72089600	0	NA	23170	322755	"gravlax-region-full-n1000000-t1-r1"
"gravlax"	"region-window"	1000000	1	1	"PASS"	0.0150000000000006	19824640	0	NA	4614	42974	"gravlax-region-window-n1000000-t1-r1"
"sql"	"region-full-labels"	1000000	1	1	"PASS"	0.31	69009408	0	NA	23171	322759	"sql-region-full-labels-n1000000-t1-r1"
"sql"	"region-full-families"	1000000	1	1	"PASS"	0.106999999999999	37466112	0	NA	23171	373870	"sql-region-full-families-n1000000-t1-r1"
"sql"	"region-window-labels"	1000000	1	1	"PASS"	0.0540000000000003	37773312	0	NA	4615	42975	"sql-region-window-labels-n1000000-t1-r1"
"sql"	"region-window-families"	1000000	1	1	"PASS"	0.0280000000000005	32436224	0	NA	4615	47616	"sql-region-window-families-n1000000-t1-r1"
"gravlax"	"prepare"	1000000	1	2	"PASS"	2.24	191643648	0	1915902	NA	NA	"gravlax-prepare-n1000000-t1-r2"
"sql"	"prepare"	1000000	1	2	"PASS"	6.375	528437248	0	72364032	NA	NA	"sql-prepare-n1000000-t1-r2"
"gravlax"	"region-full"	1000000	1	2	"PASS"	0.0960000000000001	71761920	0	NA	23170	322755	"gravlax-region-full-n1000000-t1-r2"
"gravlax"	"region-window"	1000000	1	2	"PASS"	0.0210000000000008	19824640	0	NA	4614	42974	"gravlax-region-window-n1000000-t1-r2"
"sql"	"region-full-labels"	1000000	1	2	"PASS"	0.309999999999999	68952064	0	NA	23171	322759	"sql-region-full-labels-n1000000-t1-r2"
"sql"	"region-full-families"	1000000	1	2	"PASS"	0.111000000000001	37441536	0	NA	23171	373870	"sql-region-full-families-n1000000-t1-r2"
"sql"	"region-window-labels"	1000000	1	2	"PASS"	0.0500000000000007	37593088	0	NA	4615	42975	"sql-region-window-labels-n1000000-t1-r2"
"sql"	"region-window-families"	1000000	1	2	"PASS"	0.0380000000000003	32100352	0	NA	4615	47616	"sql-region-window-families-n1000000-t1-r2"
"gravlax"	"prepare"	1000000	1	3	"PASS"	2.237	191893504	0	1915902	NA	NA	"gravlax-prepare-n1000000-t1-r3"
"sql"	"prepare"	1000000	1	3	"PASS"	6.352	530759680	0	72364032	NA	NA	"sql-prepare-n1000000-t1-r3"
"gravlax"	"region-full"	1000000	1	3	"PASS"	0.0910000000000011	72089600	0	NA	23170	322755	"gravlax-region-full-n1000000-t1-r3"
"gravlax"	"region-window"	1000000	1	3	"PASS"	0.0190000000000019	19824640	0	NA	4614	42974	"gravlax-region-window-n1000000-t1-r3"
"sql"	"region-full-labels"	1000000	1	3	"PASS"	0.306000000000001	68886528	0	NA	23171	322759	"sql-region-full-labels-n1000000-t1-r3"
"sql"	"region-full-families"	1000000	1	3	"PASS"	0.113	37216256	0	NA	23171	373870	"sql-region-full-families-n1000000-t1-r3"
"sql"	"region-window-labels"	1000000	1	3	"PASS"	0.0530000000000008	37789696	0	NA	4615	42975	"sql-region-window-labels-n1000000-t1-r3"
"sql"	"region-window-families"	1000000	1	3	"PASS"	0.0390000000000015	32595968	0	NA	4615	47616	"sql-region-window-families-n1000000-t1-r3"
"gravlax"	"prepare"	1000000	4	1	"PASS"	1.311	446640128	0	1915902	NA	NA	"gravlax-prepare-n1000000-t4-r1"
"sql"	"prepare"	1000000	4	1	"PASS"	3.462	680312832	0	83111936	NA	NA	"sql-prepare-n1000000-t4-r1"
"gravlax"	"region-full"	1000000	4	1	"PASS"	0.0730000000000004	82247680	0	NA	23170	322755	"gravlax-region-full-n1000000-t4-r1"
"gravlax"	"region-window"	1000000	4	1	"PASS"	0.017000000000003	19496960	0	NA	4614	42974	"gravlax-region-window-n1000000-t4-r1"
"sql"	"region-full-labels"	1000000	4	1	"PASS"	0.113999999999997	93257728	0	NA	23171	322759	"sql-region-full-labels-n1000000-t4-r1"
"sql"	"region-full-families"	1000000	4	1	"PASS"	0.0579999999999998	42262528	0	NA	23171	373870	"sql-region-full-families-n1000000-t4-r1"
"sql"	"region-window-labels"	1000000	4	1	"PASS"	0.0629999999999953	43565056	0	NA	4615	42975	"sql-region-window-labels-n1000000-t4-r1"
"sql"	"region-window-families"	1000000	4	1	"PASS"	0.0330000000000013	34234368	0	NA	4615	47616	"sql-region-window-families-n1000000-t4-r1"
"gravlax"	"prepare"	1000000	4	2	"PASS"	1.306	446832640	0	1915902	NA	NA	"gravlax-prepare-n1000000-t4-r2"
"sql"	"prepare"	1000000	4	2	"PASS"	3.427	863883264	0	83374080	NA	NA	"sql-prepare-n1000000-t4-r2"
"gravlax"	"region-full"	1000000	4	2	"PASS"	0.0629999999999953	82739200	0	NA	23170	322755	"gravlax-region-full-n1000000-t4-r2"
"gravlax"	"region-window"	1000000	4	2	"PASS"	0.0180000000000007	19824640	0	NA	4614	42974	"gravlax-region-window-n1000000-t4-r2"
"sql"	"region-full-labels"	1000000	4	2	"PASS"	0.113000000000007	93257728	0	NA	23171	322759	"sql-region-full-labels-n1000000-t4-r2"
"sql"	"region-full-families"	1000000	4	2	"PASS"	0.0609999999999999	43118592	0	NA	23171	373870	"sql-region-full-families-n1000000-t4-r2"
"sql"	"region-window-labels"	1000000	4	2	"PASS"	0.0600000000000023	43089920	0	NA	4615	42975	"sql-region-window-labels-n1000000-t4-r2"
"sql"	"region-window-families"	1000000	4	2	"PASS"	0.0300000000000011	34066432	0	NA	4615	47616	"sql-region-window-families-n1000000-t4-r2"
"gravlax"	"prepare"	1000000	4	3	"PASS"	1.28899999999999	445685760	0	1915902	NA	NA	"gravlax-prepare-n1000000-t4-r3"
"sql"	"prepare"	1000000	4	3	"PASS"	3.768	866525184	0	83111936	NA	NA	"sql-prepare-n1000000-t4-r3"
"gravlax"	"region-full"	1000000	4	3	"PASS"	0.0689999999999955	83230720	0	NA	23170	322755	"gravlax-region-full-n1000000-t4-r3"
"gravlax"	"region-window"	1000000	4	3	"PASS"	0.0219999999999985	19988480	0	NA	4614	42974	"gravlax-region-window-n1000000-t4-r3"
"sql"	"region-full-labels"	1000000	4	3	"PASS"	0.114999999999995	92647424	0	NA	23171	322759	"sql-region-full-labels-n1000000-t4-r3"
"sql"	"region-full-families"	1000000	4	3	"PASS"	0.0559999999999974	42434560	0	NA	23171	373870	"sql-region-full-families-n1000000-t4-r3"
"sql"	"region-window-labels"	1000000	4	3	"PASS"	0.0560000000000045	43565056	0	NA	4615	42975	"sql-region-window-labels-n1000000-t4-r3"
"sql"	"region-window-families"	1000000	4	3	"PASS"	0.0309999999999988	34398208	0	NA	4615	47616	"sql-region-window-families-n1000000-t4-r3"
"gravlax"	"prepare"	2000000	1	1	"PASS"	4.412	284295168	0	3849948	NA	NA	"gravlax-prepare-n2000000-t1-r1"
"sql"	"prepare"	2000000	1	1	"PASS"	12.922	881401856	0	144191488	NA	NA	"sql-prepare-n2000000-t1-r1"
"gravlax"	"region-full"	2000000	1	1	"PASS"	0.18	130547712	0	NA	41958	641307	"gravlax-region-full-n2000000-t1-r1"
"gravlax"	"region-window"	2000000	1	1	"PASS"	0.0219999999999985	19824640	0	NA	4614	42974	"gravlax-region-window-n2000000-t1-r1"
"sql"	"region-full-labels"	2000000	1	1	"PASS"	0.586000000000006	108834816	0	NA	41959	641317	"sql-region-full-labels-n2000000-t1-r1"
"sql"	"region-full-families"	2000000	1	1	"PASS"	0.201000000000001	44642304	0	NA	41959	744884	"sql-region-full-families-n2000000-t1-r1"
"sql"	"region-window-labels"	2000000	1	1	"PASS"	0.0549999999999997	37867520	0	NA	4615	42975	"sql-region-window-labels-n2000000-t1-r1"
"sql"	"region-window-families"	2000000	1	1	"PASS"	0.0329999999999941	32768000	0	NA	4615	47616	"sql-region-window-families-n2000000-t1-r1"
"gravlax"	"prepare"	2000000	1	2	"PASS"	4.445	283844608	0	3849948	NA	NA	"gravlax-prepare-n2000000-t1-r2"
"sql"	"prepare"	2000000	1	2	"PASS"	12.623	880803840	0	145764352	NA	NA	"sql-prepare-n2000000-t1-r2"
"gravlax"	"region-full"	2000000	1	2	"PASS"	0.179000000000002	130015232	0	NA	41958	641307	"gravlax-region-full-n2000000-t1-r2"
"gravlax"	"region-window"	2000000	1	2	"PASS"	0.0210000000000008	19824640	0	NA	4614	42974	"gravlax-region-window-n2000000-t1-r2"
"sql"	"region-full-labels"	2000000	1	2	"PASS"	0.582999999999998	109572096	0	NA	41959	641317	"sql-region-full-labels-n2000000-t1-r2"
"sql"	"region-full-families"	2000000	1	2	"PASS"	0.200000000000003	45125632	0	NA	41959	744884	"sql-region-full-families-n2000000-t1-r2"
"sql"	"region-window-labels"	2000000	1	2	"PASS"	0.0579999999999927	37687296	0	NA	4615	42975	"sql-region-window-labels-n2000000-t1-r2"
"sql"	"region-window-families"	2000000	1	2	"PASS"	0.0300000000000011	32915456	0	NA	4615	47616	"sql-region-window-families-n2000000-t1-r2"
"gravlax"	"prepare"	2000000	1	3	"PASS"	4.446	284237824	0	3849948	NA	NA	"gravlax-prepare-n2000000-t1-r3"
"sql"	"prepare"	2000000	1	3	"PASS"	12.585	880738304	0	144453632	NA	NA	"sql-prepare-n2000000-t1-r3"
"gravlax"	"region-full"	2000000	1	3	"PASS"	0.183000000000007	130359296	0	NA	41958	641307	"gravlax-region-full-n2000000-t1-r3"
"gravlax"	"region-window"	2000000	1	3	"PASS"	0.0189999999999912	20316160	0	NA	4614	42974	"gravlax-region-window-n2000000-t1-r3"
"sql"	"region-full-labels"	2000000	1	3	"PASS"	0.594999999999999	108257280	0	NA	41959	641317	"sql-region-full-labels-n2000000-t1-r3"
"sql"	"region-full-families"	2000000	1	3	"PASS"	0.197000000000003	44716032	0	NA	41959	744884	"sql-region-full-families-n2000000-t1-r3"
"sql"	"region-window-labels"	2000000	1	3	"PASS"	0.0549999999999926	37744640	0	NA	4615	42975	"sql-region-window-labels-n2000000-t1-r3"
"sql"	"region-window-families"	2000000	1	3	"PASS"	0.0379999999999967	32591872	0	NA	4615	47616	"sql-region-window-families-n2000000-t1-r3"
"gravlax"	"prepare"	2000000	4	1	"PASS"	2.586	539402240	0	3849948	NA	NA	"gravlax-prepare-n2000000-t4-r1"
"sql"	"prepare"	2000000	4	1	"PASS"	6.511	1334136832	0	155987968	NA	NA	"sql-prepare-n2000000-t4-r1"
"gravlax"	"region-full"	2000000	4	1	"PASS"	0.120000000000005	138444800	0	NA	41958	641307	"gravlax-region-full-n2000000-t4-r1"
"gravlax"	"region-window"	2000000	4	1	"PASS"	0.0190000000000055	19660800	0	NA	4614	42974	"gravlax-region-window-n2000000-t4-r1"
"sql"	"region-full-labels"	2000000	4	1	"PASS"	0.188000000000002	131649536	0	NA	41959	641317	"sql-region-full-labels-n2000000-t4-r1"
"sql"	"region-full-families"	2000000	4	1	"PASS"	0.0870000000000033	50053120	0	NA	41959	744884	"sql-region-full-families-n2000000-t4-r1"
"sql"	"region-window-labels"	2000000	4	1	"PASS"	0.0510000000000019	43892736	0	NA	4615	42975	"sql-region-window-labels-n2000000-t4-r1"
"sql"	"region-window-families"	2000000	4	1	"PASS"	0.0370000000000061	34717696	0	NA	4615	47616	"sql-region-window-families-n2000000-t4-r1"
"gravlax"	"prepare"	2000000	4	2	"PASS"	2.551	540520448	0	3849948	NA	NA	"gravlax-prepare-n2000000-t4-r2"
"sql"	"prepare"	2000000	4	2	"PASS"	6.529	1349627904	0	156250112	NA	NA	"sql-prepare-n2000000-t4-r2"
"gravlax"	"region-full"	2000000	4	2	"PASS"	0.113	139100160	0	NA	41958	641307	"gravlax-region-full-n2000000-t4-r2"
"gravlax"	"region-window"	2000000	4	2	"PASS"	0.0150000000000006	19988480	0	NA	4614	42974	"gravlax-region-window-n2000000-t4-r2"
"sql"	"region-full-labels"	2000000	4	2	"PASS"	0.195000000000007	131575808	0	NA	41959	641317	"sql-region-full-labels-n2000000-t4-r2"
"sql"	"region-full-families"	2000000	4	2	"PASS"	0.0900000000000034	50585600	0	NA	41959	744884	"sql-region-full-families-n2000000-t4-r2"
"sql"	"region-window-labels"	2000000	4	2	"PASS"	0.0550000000000068	43569152	0	NA	4615	42975	"sql-region-window-labels-n2000000-t4-r2"
"sql"	"region-window-families"	2000000	4	2	"PASS"	0.0349999999999966	34398208	0	NA	4615	47616	"sql-region-window-families-n2000000-t4-r2"
"gravlax"	"prepare"	2000000	4	3	"PASS"	2.51000000000001	539119616	0	3849948	NA	NA	"gravlax-prepare-n2000000-t4-r3"
"sql"	"prepare"	2000000	4	3	"PASS"	6.58300000000001	1339351040	0	155987968	NA	NA	"sql-prepare-n2000000-t4-r3"
"gravlax"	"region-full"	2000000	4	3	"PASS"	0.11699999999999	137953280	0	NA	41958	641307	"gravlax-region-full-n2000000-t4-r3"
"gravlax"	"region-window"	2000000	4	3	"PASS"	0.0160000000000196	19988480	0	NA	4614	42974	"gravlax-region-window-n2000000-t4-r3"
"sql"	"region-full-labels"	2000000	4	3	"PASS"	0.198999999999984	131325952	0	NA	41959	641317	"sql-region-full-labels-n2000000-t4-r3"
"sql"	"region-full-families"	2000000	4	3	"PASS"	0.0930000000000177	51007488	0	NA	41959	744884	"sql-region-full-families-n2000000-t4-r3"
"sql"	"region-window-labels"	2000000	4	3	"PASS"	0.0520000000000209	43892736	0	NA	4615	42975	"sql-region-window-labels-n2000000-t4-r3"
"sql"	"region-window-families"	2000000	4	3	"PASS"	0.0299999999999727	34557952	0	NA	4615	47616	"sql-region-window-families-n2000000-t4-r3"
"gravlax"	"prepare"	4000000	1	1	"PASS"	8.55699999999999	476540928	0	7254012	NA	NA	"gravlax-prepare-n4000000-t1-r1"
"sql"	"prepare"	4000000	1	1	"PASS"	25.435	1564508160	0	282603520	NA	NA	"sql-prepare-n4000000-t1-r1"
"gravlax"	"region-full"	4000000	1	1	"PASS"	0.358000000000004	258633728	0	NA	70260	1301501	"gravlax-region-full-n4000000-t1-r1"
"gravlax"	"region-window"	4000000	1	1	"PASS"	0.0190000000000055	19988480	0	NA	4614	42974	"gravlax-region-window-n4000000-t1-r1"
"sql"	"region-full-labels"	4000000	1	1	"PASS"	1.20699999999999	187736064	0	NA	70262	1301527	"sql-region-full-labels-n4000000-t1-r1"
"sql"	"region-full-families"	4000000	1	1	"PASS"	0.390999999999991	55373824	0	NA	70262	1522290	"sql-region-full-families-n4000000-t1-r1"
"sql"	"region-window-labels"	4000000	1	1	"PASS"	0.0529999999999973	37531648	0	NA	4615	42975	"sql-region-window-labels-n4000000-t1-r1"
"sql"	"region-window-families"	4000000	1	1	"PASS"	0.0389999999999873	32755712	0	NA	4615	47616	"sql-region-window-families-n4000000-t1-r1"
"gravlax"	"prepare"	4000000	1	2	"PASS"	8.54299999999998	477114368	0	7254012	NA	NA	"gravlax-prepare-n4000000-t1-r2"
"sql"	"prepare"	4000000	1	2	"PASS"	25.252	1569140736	0	282865664	NA	NA	"sql-prepare-n4000000-t1-r2"
"gravlax"	"region-full"	4000000	1	2	"PASS"	0.35499999999999	258490368	0	NA	70260	1301501	"gravlax-region-full-n4000000-t1-r2"
"gravlax"	"region-window"	4000000	1	2	"PASS"	0.0229999999999961	19988480	0	NA	4614	42974	"gravlax-region-window-n4000000-t1-r2"
"sql"	"region-full-labels"	4000000	1	2	"PASS"	1.196	186990592	0	NA	70262	1301527	"sql-region-full-labels-n4000000-t1-r2"
"sql"	"region-full-families"	4000000	1	2	"PASS"	0.38900000000001	55279616	0	NA	70262	1522290	"sql-region-full-families-n4000000-t1-r2"
"sql"	"region-window-labels"	4000000	1	2	"PASS"	0.0510000000000161	38092800	0	NA	4615	42975	"sql-region-window-labels-n4000000-t1-r2"
"sql"	"region-window-families"	4000000	1	2	"PASS"	0.0360000000000014	32768000	0	NA	4615	47616	"sql-region-window-families-n4000000-t1-r2"
"gravlax"	"prepare"	4000000	1	3	"PASS"	8.53999999999999	475451392	0	7254012	NA	NA	"gravlax-prepare-n4000000-t1-r3"
"sql"	"prepare"	4000000	1	3	"PASS"	25.186	1565274112	0	283914240	NA	NA	"sql-prepare-n4000000-t1-r3"
"gravlax"	"region-full"	4000000	1	3	"PASS"	0.373999999999995	258138112	0	NA	70260	1301501	"gravlax-region-full-n4000000-t1-r3"
"gravlax"	"region-window"	4000000	1	3	"PASS"	0.0219999999999914	20152320	0	NA	4614	42974	"gravlax-region-window-n4000000-t1-r3"
"sql"	"region-full-labels"	4000000	1	3	"PASS"	1.21600000000001	187437056	0	NA	70262	1301527	"sql-region-full-labels-n4000000-t1-r3"
"sql"	"region-full-families"	4000000	1	3	"PASS"	0.404000000000025	54603776	0	NA	70262	1522290	"sql-region-full-families-n4000000-t1-r3"
"sql"	"region-window-labels"	4000000	1	3	"PASS"	0.0529999999999973	37924864	0	NA	4615	42975	"sql-region-window-labels-n4000000-t1-r3"
"sql"	"region-window-families"	4000000	1	3	"PASS"	0.0360000000000014	32915456	0	NA	4615	47616	"sql-region-window-families-n4000000-t1-r3"
"gravlax"	"prepare"	4000000	4	1	"PASS"	5.179	732176384	0	7254012	NA	NA	"gravlax-prepare-n4000000-t4-r1"
"sql"	"prepare"	4000000	4	1	"PASS"	13.209	2378420224	0	315109376	NA	NA	"sql-prepare-n4000000-t4-r1"
"gravlax"	"region-full"	4000000	4	1	"PASS"	0.251999999999953	273448960	0	NA	70260	1301501	"gravlax-region-full-n4000000-t4-r1"
"gravlax"	"region-window"	4000000	4	1	"PASS"	0.0160000000000196	19660800	0	NA	4614	42974	"gravlax-region-window-n4000000-t4-r1"
"sql"	"region-full-labels"	4000000	4	1	"PASS"	0.382999999999981	232628224	0	NA	70262	1301527	"sql-region-full-labels-n4000000-t4-r1"
"sql"	"region-full-families"	4000000	4	1	"PASS"	0.14100000000002	63057920	0	NA	70262	1522290	"sql-region-full-families-n4000000-t4-r1"
"sql"	"region-window-labels"	4000000	4	1	"PASS"	0.0509999999999877	44056576	0	NA	4615	42975	"sql-region-window-labels-n4000000-t4-r1"
"sql"	"region-window-families"	4000000	4	1	"PASS"	0.0290000000000532	34570240	0	NA	4615	47616	"sql-region-window-families-n4000000-t4-r1"
"gravlax"	"prepare"	4000000	4	2	"PASS"	5.12800000000004	733048832	0	7254012	NA	NA	"gravlax-prepare-n4000000-t4-r2"
"sql"	"prepare"	4000000	4	2	"PASS"	13.014	2444054528	0	313536512	NA	NA	"sql-prepare-n4000000-t4-r2"
"gravlax"	"region-full"	4000000	4	2	"PASS"	0.248999999999967	269844480	0	NA	70260	1301501	"gravlax-region-full-n4000000-t4-r2"
"gravlax"	"region-window"	4000000	4	2	"PASS"	0.0159999999999627	20152320	0	NA	4614	42974	"gravlax-region-window-n4000000-t4-r2"
"sql"	"region-full-labels"	4000000	4	2	"PASS"	0.382000000000005	234123264	0	NA	70262	1301527	"sql-region-full-labels-n4000000-t4-r2"
"sql"	"region-full-families"	4000000	4	2	"PASS"	0.141999999999996	63307776	0	NA	70262	1522290	"sql-region-full-families-n4000000-t4-r2"
"sql"	"region-window-labels"	4000000	4	2	"PASS"	0.0519999999999641	43581440	0	NA	4615	42975	"sql-region-window-labels-n4000000-t4-r2"
"sql"	"region-window-families"	4000000	4	2	"PASS"	0.0310000000000059	33742848	0	NA	4615	47616	"sql-region-window-families-n4000000-t4-r2"
"gravlax"	"prepare"	4000000	4	3	"PASS"	5.01599999999996	732848128	0	7254012	NA	NA	"gravlax-prepare-n4000000-t4-r3"
"sql"	"prepare"	4000000	4	3	"PASS"	13.1	2127044608	0	313536512	NA	NA	"sql-prepare-n4000000-t4-r3"
"gravlax"	"region-full"	4000000	4	3	"PASS"	0.238	271319040	0	NA	70260	1301501	"gravlax-region-full-n4000000-t4-r3"
"gravlax"	"region-window"	4000000	4	3	"PASS"	0.0179999999999723	19988480	0	NA	4614	42974	"gravlax-region-window-n4000000-t4-r3"
"sql"	"region-full-labels"	4000000	4	3	"PASS"	0.384999999999991	233488384	0	NA	70262	1301527	"sql-region-full-labels-n4000000-t4-r3"
"sql"	"region-full-families"	4000000	4	3	"PASS"	0.138999999999953	64475136	0	NA	70262	1522290	"sql-region-full-families-n4000000-t4-r3"
"sql"	"region-window-labels"	4000000	4	3	"PASS"	0.0509999999999877	43892736	0	NA	4615	42975	"sql-region-window-labels-n4000000-t4-r3"
"sql"	"region-window-families"	4000000	4	3	"PASS"	0.0380000000000109	34230272	0	NA	4615	47616	"sql-region-window-families-n4000000-t4-r3"
