cell_id,umi_label_count
AAACCCAAGGAGAGTA-1,42
AAACCCAAGGATATGT-1,1
AAACCCAAGGTACTGG-1,1
AAACGAAAGGGCATGT-1,1
AAACGAACAGTCCGTG-1,1
AAACGAATCCACGTGG-1,1
AAACGAATCGCCGATG-1,1
AAACGAATCGTCTCAC-1,1
AAACGAATCTGACAGT-1,1
AAACGCTGTAACCCTA-1,1
AAACGCTTCAGCCCAG-1,24
AAACGCTTCCTATTTG-1,1
AAAGAACAGACGACTG-1,14
AAAGAACCAAGTCCCG-1,1
AAAGAACCAATGGCAG-1,8
AAAGAACCACAACATC-1,1
AAAGAACCACGCAGTC-1,1
AAAGAACGTCTGCAAT-1,17
AAAGAACTCGTCCTTG-1,1
AAAGGATAGTAGACAT-1,30
AAAGGATCAATGAGCG-1,1
AAAGGATCACCGGCTA-1,26
AAAGGATCACGGAAGT-1,1
AAAGGATGTCTACAAC-1,1
AAAGGATTCAGCTTGA-1,51
AAAGGATTCCGTTTCG-1,67
AAAGGGCAGAGTGACC-1,2
AAAGGGCAGCAAGTGC-1,1
AAAGGGCGTATTGACC-1,1
AAAGGGCTCATGCCCT-1,21
AAAGGGCTCCGTAGGC-1,24
AAAGGTACAACTGCTA-1,22
AAAGTCCAGCGGGTTA-1,26
AAAGTCCAGTCAACAA-1,10
AAAGTCCCACAGCCAC-1,1
AAAGTCCCACAGGCAA-1,1
AAAGTCCCACCAGCCA-1,71
AAAGTCCCATCGATCA-1,1
AAAGTCCTCCTGGTCT-1,1
AAAGTCCTCTGCCCTA-1,1
AAAGTCCTCTGGTGCG-1,1
AAAGTGAAGGTTGGTG-1,1
AAAGTGACAACCGTAT-1,7
AAAGTGACATCGAACT-1,1
AAAGTGATCACCTACC-1,1
AAAGTGATCATCCTAT-1,1
AAAGTGATCGCGGACT-1,1
AAAGTGATCGTACACA-1,31
AAATGGAAGCCGCTTG-1,45
AAATGGACAATGCTCA-1,47
AAATGGACAGGTTCGC-1,5
AAATGGACATCTCCCA-1,2
AAATGGAGTACCGCGT-1,84
AAATGGAGTATCCCTC-1,1
AAATGGATCCTATTTG-1,19
AACAAAGAGGAACGTC-1,1
AACAAAGAGTGCACAG-1,1
AACAAAGCACCAATTG-1,1
AACAAAGGTAACCAGG-1,1
AACAAAGGTAGCTCGC-1,1
AACAAAGGTGATGAAT-1,33
AACAACCAGTAGTCCT-1,4
AACAACCCAAGCTACT-1,1
AACAACCCACGCTATA-1,46
AACAACCGTCTGATAC-1,1
AACAAGAAGCCGATAG-1,1
AACAAGACATACATCG-1,1
AACAAGACATGCCGGT-1,1
AACAAGAGTATGGAAT-1,1
AACAAGAGTTATAGAG-1,39
AACACACGTCCAGTTA-1,1
AACACACGTCGAGCTC-1,1
AACACACTCACGATCA-1,1
AACACACTCTAGCATG-1,1
AACAGGGAGCTGCCTG-1,1
AACAGGGGTCGAAACG-1,1
AACAGGGGTGGGAGAG-1,36
AACAGGGTCCAGTTCC-1,1
AACAGGGTCCGGTAAT-1,1
AACAGGGTCGCCGAGT-1,1
AACCAACAGCCTGTTG-1,1
AACCAACAGCTTGTTG-1,27
AACCAACTCGGTCATA-1,1
AACCACAAGCGTATGG-1,2
AACCACATCTACGCAA-1,1
AACCATGAGCTCGAAG-1,1
AACCATGCACCCAAGC-1,1
AACCATGGTCTCGACG-1,1
AACCATGGTGTTTCTT-1,1
AACCATGTCAACCTTT-1,1
AACCATGTCTTGGAAC-1,1
AACCCAACAACTGATC-1,32
AACCCAACACTGAGGA-1,1
AACCCAACATATGGCT-1,1
AACCCAAGTACTGTTG-1,1
AACCCAAGTGATGAAT-1,1
AACCCAAGTGGGCTTC-1,23
AACCCAATCTTACCGC-1,16
AACCTGACAGTTGTTG-1,1
AACCTGACATACGATC-1,1
AACCTGACATCCTATT-1,49
AACCTGATCGCAATTG-1,1
AACCTGATCTTTCAGT-1,1
AACCTTTAGCCAAGGT-1,1
AACCTTTGTAACGTTC-1,1
AACCTTTGTTTCGGCG-1,17
AACCTTTTCAAGAGGC-1,1
AACCTTTTCCGTAGGC-1,1
AACCTTTTCCGTATAG-1,1
AACCTTTTCGTCGATA-1,6
AACGAAAAGACGCCAA-1,1
AACGAAAAGGTTGGTG-1,15
AACGAAAAGTTACGAA-1,1
AACGAAACAAATGAGT-1,1
AACGAAACAATGTCTG-1,6
AACGAAACAGCGTTTA-1,10
AACGAAAGTGACAACG-1,1
AACGAAATCCATTTAC-1,24
AACGAAATCCATTTGC-1,1
AACGAAATCGACGAGA-1,1
AACGGGAAGTAACAGT-1,1
AACGGGACACAAATAG-1,1
AACGGGAGTCGCTCGA-1,64
AACGGGAGTGTTGACT-1,1
AACGGGATCTACACTT-1,1
AACGTCAAGACGCCCT-1,32
AACGTCACACCCGTAG-1,1
AACGTCAGTCCCACGA-1,1
AACTTCTGTACTCGCG-1,1
AACTTCTGTCGCTGCA-1,1
AACTTCTTCAAGTTGC-1,1
AAGAACAAGACCATCC-1,1
AAGAACAAGACCATTC-1,34
AAGAACAAGCCTCAGC-1,58
AAGAACATCGTAGAGG-1,1
AAGAACATCTTGCAAG-1,33
AAGACAAAGACGCCCT-1,1
AAGACAAAGTACCGGA-1,1
AAGACAACACTTCAGA-1,50
AAGACAACAGATCACT-1,67
AAGACAACAGTAGATA-1,14
AAGACAATCCGCGAGT-1,30
AAGACTCCACAACGCC-1,1
AAGACTCCAGACCTAT-1,1
AAGACTCCAGGGACTA-1,1
AAGACTCGTGACGTCC-1,8
AAGATAGAGCATGGGT-1,1
AAGATAGAGCGTGTCC-1,1
AAGATAGCACGTACAT-1,1
AAGATAGGTCGCGTCA-1,1
AAGATAGGTCTAGATC-1,1
AAGATAGGTCTGTGTA-1,1
AAGCATCAGGTCCGAA-1,35
AAGCATCCAAGAGAGA-1,1
AAGCATCCACAAGCTT-1,1
AAGCATCCAGTCTTCC-1,63
AAGCATCTCATGCATG-1,1
AAGCCATCACGATAGG-1,1
AAGCCATGTCGCACAC-1,1
AAGCGAGAGTCATGCT-1,1
AAGCGAGTCAAACCTG-1,1
AAGCGTTAGCCGCTTG-1,1
AAGCGTTAGTCTTGGT-1,1
AAGCGTTCACTGATTG-1,49
AAGCGTTCATCGGAAG-1,1
AAGCGTTGTCGACTTA-1,1
AAGCGTTTCGCGCCAA-1,1
AAGCGTTTCGCTATTT-1,34
AAGGAATAGTGTACCT-1,1
AAGGAATGTAGAATAC-1,1
AAGGAATGTCCTCCAT-1,1
AAGGAATTCTTCACGC-1,1
AAGGTAAAGGAAGTAG-1,22
AAGGTAAAGGCCACCT-1,26
AAGGTAACACATGTTG-1,1
AAGGTAACAGTAACCT-1,1
AAGGTAAGTAACTAAG-1,1
AAGGTAAGTCCTTAAG-1,33
AAGGTAATCAGGAGAC-1,1
AAGTACCAGCGCCTTG-1,19
AAGTACCAGCTCCATA-1,35
AAGTACCCAAAGAACT-1,36
AAGTACCGTATTGCCA-1,11
AAGTACCGTCCTCCAT-1,1
AAGTCGTCATCAGTCA-1,1
AAGTCGTTCGTTCATT-1,1
AAGTGAACAGACCATT-1,1
AAGTGAACAGAGATGC-1,1
AAGTGAACATCAGCAT-1,29
AAGTGAATCGGAAGGT-1,41
AAGTTCGAGGATACAT-1,30
AAGTTCGCAGAGTTCT-1,1
AAGTTCGGTCAACACT-1,56
AAGTTCGGTGAACGGT-1,1
AAGTTCGTCCCGAACG-1,1
AAGTTCGTCCCGTTCA-1,1
AAGTTCGTCGGACTGC-1,1
AATAGAGGTAAGCAAT-1,1
AATAGAGGTTTACGTG-1,1
AATCACGAGCCGAACA-1,5
AATCACGAGGCTCTAT-1,9
AATCACGCAATCAGCT-1,1
AATCACGGTGTTACTG-1,1
AATCACGGTTCGTGCG-1,1
AATCACGGTTGGGACA-1,1
AATCACGTCCCGATCT-1,2
AATCGACAGTATGTAG-1,16
AATCGACGTAGCGCTC-1,1
AATCGACGTGAGACGT-1,31
AATCGACTCTCCCATG-1,1
AATCGTGAGAGTTGTA-1,1
AATCGTGAGTTAACAG-1,1
AATCGTGCACGAAGAC-1,1
AATGAAGAGGCTCAAG-1,1
AATGAAGCACATAGCT-1,1
AATGAAGCAGTATGAA-1,42
AATGAAGTCCATAAGC-1,1
AATGAAGTCTTACCAT-1,1
AATGACCAGAGCAGAA-1,1
AATGACCAGTCATAGA-1,1
AATGACCAGTTTGAGA-1,1
AATGACCCAGTTCCAA-1,1
AATGACCGTGGGCTTC-1,1
AATGACCGTGTCATCA-1,85
AATGCCAAGTAGACCG-1,1
AATGGAAAGAGATGCC-1,1
AATGGAAAGTTGGCTT-1,1
AATGGAACACGGTCTG-1,1
AATGGAACACTCATAG-1,56
AATGGAAGTATCTCTT-1,1
AATGGAATCACCATGA-1,1
AATGGAATCTGATGGT-1,33
AATGGCTAGGACGGAG-1,14
AATGGCTAGGATACGC-1,1
AATGGCTGTGAGTGAC-1,1
AATTCCTCAGCTACCG-1,1
AATTCCTCATCATCTT-1,1
AATTCCTTCCATTGGA-1,57
AATTCCTTCCCAGCGA-1,1
AATTCCTTCCGCTAGG-1,1
AATTCCTTCCTGTTAT-1,1
AATTTCCCACTAGTAC-1,1
AATTTCCGTAGTGGCA-1,1
AATTTCCTCCTCTAAT-1,1
ACAAAGAAGCCTCAAT-1,29
ACAAAGAAGGAGGGTG-1,1
ACAAAGAGTCGATTCA-1,1
ACAAAGAGTGGCTTAT-1,1
ACAAAGAGTTCCATTT-1,28
ACAAAGATCGGCGATC-1,1
ACAAAGATCTTAGTTC-1,1
ACAACCATCAAACCAT-1,1
ACAACCATCTATCCAT-1,10
ACAACCATCTGCCCTA-1,30
ACAAGCTCACTATCGA-1,1
ACAAGCTGTAGGTCAG-1,27
ACAAGCTGTCAAACGG-1,1
ACAAGCTGTTCTTGCC-1,1
ACAAGCTTCACACGAT-1,1
ACAAGCTTCCAACCGG-1,1
ACAAGCTTCTACCACC-1,1
ACACAGTCATTCTCCG-1,1
ACACCAAAGAGTCAGC-1,34
ACACCAACACTCAGGC-1,1
ACACCAACAGGCGATA-1,4
ACACCAACATGACAGG-1,1
ACACCAAGTGTAAACA-1,1
ACACCAAGTTGCACGC-1,1
ACACCAATCTCGCAGG-1,1
ACACGCGGTGTTGCCG-1,36
ACACGCGTCACCTCGT-1,34
ACACGCGTCGCCGTGA-1,19
ACACGCGTCTCGGCTT-1,1
ACACGCGTCTCTGACC-1,1
ACACTGAAGCAGGTCA-1,1
ACACTGAAGTTGAAGT-1,1
ACACTGACAGTTCTAG-1,1
ACACTGATCACTGATG-1,17
ACACTGATCCCAAGTG-1,1
ACACTGATCGAGGCAA-1,1
ACACTGATCTTTCCGG-1,27
ACAGAAAAGTATTAGG-1,20
ACAGAAAAGTGAGTTA-1,1
ACAGAAACACCAGCGT-1,17
ACAGAAACAGTTTCGA-1,1
ACAGAAAGTGACAGGT-1,1
ACAGCCGCATGAGATA-1,1
ACAGCCGGTCGGTAAG-1,1
ACAGCCGTCACGGGCT-1,2
ACAGCCGTCGCTGTTC-1,20
ACAGGGAGTCAACACT-1,2
ACAGGGAGTCCCGGTA-1,3
ACAGGGAGTGCCGAAA-1,1
ACAGGGATCGAGAATA-1,1
ACATCCCCACAAATGA-1,11
ACATCCCGTAAGATTG-1,30
ACATCCCGTACCTAGT-1,1
ACATCCCGTCAATCTG-1,1
ACATCCCGTCCGGTCA-1,1
ACATCCCTCTACGGGC-1,1
ACATCGAGTTAGGAGC-1,1
ACATCGATCTAAGAAG-1,36
ACATCGATCTGAGAGG-1,19
ACATCGATCTTGGGCG-1,20
ACATGCAGTTGCTTGA-1,16
ACATGCATCGATGCTA-1,1
ACATTTCAGAAGTCCG-1,1
ACATTTCAGTGGGAGA-1,1
ACATTTCCAAAGGGTC-1,1
ACATTTCCAGAACATA-1,1
ACATTTCGTGCCGAAA-1,18
ACATTTCGTTTCTTAC-1,31
ACATTTCTCGCATTAG-1,1
ACCAAACAGACTCGAG-1,1
ACCAAACAGGAACTCG-1,1
ACCAAACCACATTCTT-1,1
ACCAAACGTCCTTGTC-1,1
ACCAAACTCAACTGAC-1,3
ACCAAACTCGCAATGT-1,1
ACCAACACATGGCCAC-1,1
ACCAACAGTTCAATCG-1,1
ACCACAAAGGCCTTGC-1,34
ACCACAAAGGGCAATC-1,1
ACCACAAAGGTTAGTA-1,9
ACCACAACACAACGAG-1,1
ACCACAACACGAGGAT-1,1
ACCACAACAGAAATTG-1,1
ACCACAAGTCGCCACA-1,1
ACCACAAGTCTGTGGC-1,18
ACCACAATCTGCGATA-1,1
ACCATTTCATTGGGAG-1,26
ACCATTTGTGTCGCTG-1,1
ACCCAAAAGCCACAAG-1,6
ACCCAAAGTTGGGAAC-1,43
ACCCTCAAGGCCATAG-1,1
ACCCTCAGTTCGATTG-1,1
ACCCTCATCATTCCTA-1,1
ACCCTTGAGGCCTGCT-1,1
ACCCTTGCAGAAGTGC-1,1
ACCCTTGCATACCACA-1,1
ACCCTTGGTATCGTAC-1,33
ACCCTTGTCAAACTGC-1,1
ACCCTTGTCATTTCGT-1,36
ACCCTTGTCGAGTACT-1,1
ACCCTTGTCGGCCAAC-1,1
ACCGTTCAGACGGTCA-1,1
ACCGTTCGTATTAAGG-1,1
ACCGTTCGTCTAACTG-1,1
ACCGTTCTCAGCCCAG-1,1
ACCGTTCTCTGAGATC-1,1
ACCTACCAGGAGGTTC-1,1
ACCTACCAGGGATCGT-1,1
ACCTACCAGTCCCGAC-1,2
ACCTACCCAACGGTAG-1,41
ACCTACCTCGTGAGAG-1,1
ACCTACCTCTACGCAA-1,1
ACCTGAAAGCTAGATA-1,1
ACCTGAACATAATCGC-1,1
ACCTGAACATGAGAAT-1,34
ACCTGAAGTATACCTG-1,1
ACCTGAAGTTGTACGT-1,2
ACCTGTCGTACAGAAT-1,1
ACCTGTCGTCGCACGT-1,2
ACCTGTCTCAAGTCTG-1,40
ACCTGTCTCCTCTCTT-1,1
ACCTGTCTCTCAACGA-1,64
ACCTGTCTCTTAACGA-1,1
ACCTGTCTCTTGGAAT-1,1
ACGATCACAACTCGAT-1,1
ACGATCACAGAAATCA-1,1
ACGATCAGTCGTTCAA-1,35
ACGATCATCACAGTGT-1,1
ACGATCATCCACGGAC-1,46
ACGATCATCCCTCGAT-1,1
ACGATCATCCGTTGGG-1,42
ACGATCATCTTACCGC-1,1
ACGATGTCAGGCATGA-1,1
ACGCACGAGAGAGTGA-1,20
ACGCACGCATGCCATA-1,1
ACGCACGGTCCAAATC-1,1
ACGCACGTCCGGTAGC-1,1
ACGGAAGCATGTTACG-1,1
ACGGAAGGTGAACCGA-1,5
ACGGGTCAGTCGAAGC-1,1
ACGGTCGAGCGCATCC-1,1
ACGGTCGCAGTGGTGA-1,1
ACGGTCGGTACATTGC-1,2
ACGGTCGTCACTACGA-1,20
ACGGTTAAGGTAAGAG-1,1
ACGGTTAAGTGCTCAT-1,25
ACGGTTATCCAACTAG-1,1
ACGGTTATCTCAACGA-1,1
ACGTAACAGGATTTGA-1,1
ACGTAACAGGTATTGA-1,1
ACGTAACAGGTGCTTT-1,29
ACGTAACAGTACGAGC-1,1
ACGTAACAGTCATCGT-1,1
ACGTAACCAGCTCTGG-1,1
ACGTAACCAGTCACGC-1,1
ACGTAACGTCCGCAGT-1,1
ACGTAACGTTCTTGCC-1,1
ACGTAACTCAGCGGAA-1,1
ACGTAACTCATATGGC-1,23
ACGTAACTCCCTCAAC-1,1
ACGTAACTCCGCGATG-1,1
ACGTAACTCGACGATT-1,1
ACGTAACTCTTCGATT-1,20
ACGTACAAGACTACCT-1,1
ACGTACAAGCACTCGC-1,1
ACGTACAAGCTGTTCA-1,42
ACGTACACAAAGCAAT-1,1
ACGTACACAAAGCTCT-1,60
ACGTACACAGACGATG-1,17
ACGTACAGTTTAGAGA-1,1
ACGTACATCCAGGACC-1,1
ACGTACATCGCGTTTC-1,1
ACGTACATCGTCAACA-1,1
ACGTAGTAGGCTGTAG-1,1
ACGTAGTAGTATGTAG-1,1
ACGTAGTCAACCGGAA-1,1
ACGTAGTCACGCCACA-1,25
ACGTAGTCATTAGGAA-1,26
ACGTCCTGTCTGTCAA-1,1
ACGTCCTGTTGTGCCG-1,1
ACGTTCCAGAGTATAC-1,1
ACGTTCCAGAGTCACG-1,1
ACGTTCCAGGGAGGAC-1,1
ACGTTCCGTGGGTCAA-1,10
ACTACGAAGTAAGGGA-1,1
ACTACGAAGTTGGAGC-1,1
ACTACGACATATGCGT-1,1
ACTACGAGTAGAAACT-1,1
ACTACGAGTAGCACGA-1,1
ACTACGATCGGCATAT-1,1
ACTATCTAGGCGTGCA-1,1
ACTATCTAGGTGCATG-1,1
ACTATCTCATAACGGG-1,1
ACTATCTGTGTGTACT-1,43
ACTATCTTCTAGATCG-1,1
ACTATCTTCTTTGCAT-1,1
ACTATGGAGAAATCCA-1,55
ACTATGGCACAGCCTG-1,1
ACTATGGCAGATCCAT-1,1
ACTATGGTCGCATAGT-1,1
ACTATTCAGTTACGGG-1,1
ACTATTCCAAAGAACT-1,1
ACTATTCTCACCATCC-1,1
ACTCCCAAGCGCAATG-1,1
ACTCCCAAGGGCAATC-1,1
ACTCCCAAGGTTGGTG-1,22
ACTCCCACAAATCGTC-1,1
ACTCCCACACACGGAA-1,1
ACTCCCACAGCCCACA-1,1
ACTCCCAGTCGAATTC-1,1
ACTCCCAGTGAGATCG-1,1
ACTCCCAGTGTGTCCG-1,1
ACTCCCATCAGGAACG-1,1
ACTCCCATCGTCCTCA-1,33
ACTCTCGCACCCTGTT-1,1
ACTCTCGGTTGTGTTG-1,1
ACTGATGAGAGAGTGA-1,1
ACTGATGAGCAGCGAT-1,22
ACTGATGAGCGGACTG-1,1
ACTGATGCACCAGCCA-1,28
ACTGATGCAGATTCGT-1,1
ACTGATGGTACTCGTA-1,1
ACTGATGGTCGAATTC-1,1
ACTGATGGTGAATGTA-1,1
ACTGATGGTGCTGTAT-1,1
ACTGATGGTGGTGATG-1,1
ACTGATGGTTCGGCGT-1,1
ACTGATGTCTATTTCG-1,1
ACTGCAAAGTATGTAG-1,1
ACTGCAAGTGTCGATT-1,1
ACTGCAAGTTGATCGT-1,1
ACTGCAATCGTAACCA-1,1
ACTGCAATCTTAGGAC-1,1
ACTGTCCGTACGCGTC-1,1
ACTGTCCTCAACGTGT-1,1
ACTGTCCTCCGCTTAC-1,1
ACTGTCCTCGGTCGAC-1,1
ACTGTCCTCTGCCCTA-1,5
ACTGTGAAGCAAGCCA-1,1
ACTGTGACAACTCGAT-1,47
ACTGTGACAGCCGTTG-1,1
ACTGTGAGTTCCGCAG-1,1
ACTGTGAGTTGACTGT-1,1
ACTTAGGAGAGCTGCA-1,1
ACTTAGGGTTCACGAT-1,1
ACTTAGGGTTGGCCTG-1,1
ACTTAGGTCGAGAAGC-1,1
ACTTATCAGGTCATAA-1,1
ACTTATCAGTATGGCG-1,1
ACTTATCAGTCTGGAG-1,1
ACTTATCAGTCTGTAC-1,1
ACTTATCCATGACAGG-1,1
ACTTATCTCTAAGGAA-1,78
ACTTCCGAGCTAAGTA-1,1
ACTTCCGTCCGCAAAT-1,1
ACTTCGCAGAACCGCA-1,59
ACTTCGCAGCCAGACA-1,1
ACTTCGCGTACTCCGG-1,28
ACTTTCAAGACAGTCG-1,1
ACTTTCAAGTATGACA-1,23
ACTTTCACAAGCGAAC-1,13
ACTTTCACACGGGCTT-1,1
ACTTTCAGTACGCGTC-1,39
ACTTTCATCCTATGGA-1,4
ACTTTGTGTTCGAAGG-1,1
ACTTTGTTCAGCCTCT-1,1
ACTTTGTTCTGCTTTA-1,1
AGAAATGCACAAATGA-1,1
AGAAATGCATTCTCCG-1,8
AGAAATGGTTCTCCTG-1,1
AGAAATGTCATTCGTT-1,40
AGAAATGTCTAGACAC-1,1
AGAACAAAGATACGAT-1,1
AGAACAAAGATCCGAG-1,1
AGAACAACACAGTGAG-1,1
AGAACAAGTAGCGATG-1,1
AGAACCTAGACGAGCT-1,1
AGAACCTAGAGTCACG-1,1
AGAACCTAGCAGGCAT-1,1
AGAACCTCATGTGACT-1,1
AGAAGCGAGAAGGGAT-1,1
AGAAGCGCAATTGCCA-1,1
AGAAGCGGTAGAAACT-1,1
AGAAGCGGTCTAGATC-1,30
AGAAGCGTCTGCGTCT-1,27
AGAAGTAGTACTCGTA-1,1
AGAAGTAGTTAGGCCC-1,1
AGAAGTAGTTGGAGAC-1,2
AGACAAAAGAAGAGCA-1,1
AGACAAAAGAGGCCAT-1,1
AGACAAACACTTGGGC-1,1
AGACAAAGTAGCTTGT-1,50
AGACAAATCGGTGCAC-1,2
AGACACTCAAGTCGTT-1,22
AGACACTGTCATTGCA-1,1
AGACACTTCTTAAGGC-1,1
AGACAGGAGGTAAAGG-1,1
AGACAGGCACCAACAT-1,1
AGACAGGTCGCCTCTA-1,1
AGACCATCATTACTCT-1,15
AGACCATGTACTTGTG-1,1
AGACCATGTGTGTACT-1,1
AGACCATTCATAGAGA-1,2
AGACCATTCATCGACA-1,1
AGACCCGAGTCTGGTT-1,1
AGACCCGTCCTCGCAT-1,1
AGACTCAAGAAACCAT-1,1
AGACTCAGTGGGTATG-1,1
AGACTCATCAAACCTG-1,1
AGACTCATCAACGCTA-1,47
AGACTCATCAGAGCGA-1,38
AGACTCATCGATACTG-1,1
AGACTCATCGGCTATA-1,1
AGAGAATAGAGGGTCT-1,31
AGAGAATCACCCAACG-1,35
AGAGAATGTCCATAGT-1,1
AGAGAATTCATCCTAT-1,1
AGAGAGCAGAGATTCA-1,1
AGAGAGCAGTTGTCGT-1,19
AGAGCAGCAAAGGCTG-1,1
AGAGCAGGTCATAAAG-1,15
AGAGCAGGTTGAGTCT-1,19
AGAGCAGTCATACAGC-1,1
AGAGCAGTCATGGTAC-1,1
AGAGCAGTCGCGCTGA-1,23
AGAGCAGTCGCTTTAT-1,1
AGAGCAGTCTCCGCAT-1,1
AGAGCCCCATGTGCCG-1,1
AGAGCCCGTCACTCGG-1,24
AGAGCCCGTGCACAAG-1,1
AGATAGAAGCGCCGTT-1,1
AGATAGAAGCGTTCCG-1,1
AGATAGAGTGACACGA-1,15
AGATAGATCCACACCT-1,2
AGATCCAAGTTGGACG-1,1
AGATCCATCCTTTGAT-1,1
AGATCGTCAACGGCTC-1,1
AGATCGTCAGGACTTT-1,31
AGATCGTCATCCTAAG-1,1
AGATCGTGTGACACAG-1,1
AGATCGTTCATTTGCT-1,1
AGATGAAAGGCGACAT-1,1
AGATGAACAGGCACAA-1,35
AGATGAAGTACTGGGA-1,1
AGATGAATCAGGACGA-1,1
AGATGAATCCTTATAC-1,1
AGATGCTCATCGATAC-1,1
AGATGCTGTACGGTTT-1,11
AGATGCTGTATCAGCT-1,1
AGATGCTGTGTGGTCC-1,34
AGCATCACAAGGCGTA-1,1
AGCATCACATCGATGT-1,1
AGCATCAGTCGGTGTC-1,59
AGCATCAGTGGTCCGT-1,18
AGCATCAGTTCCGAAT-1,1
AGCATCATCGGTACGT-1,1
AGCCAATAGTCCCTAA-1,53
AGCCAATCACAAAGTA-1,1
AGCCAATCATCTCGTC-1,1
AGCCAATTCTCAAAGC-1,1
AGCCACGCAGGTTCGC-1,30
AGCCACGGTTCCGCGA-1,38
AGCCACGTCCGAGAAG-1,10
AGCCAGCCAAGTCATC-1,3
AGCCAGCCATATTCGG-1,1
AGCCAGCGTAATGCGG-1,32
AGCCAGCGTAGTTAGA-1,54
AGCGATTCATAATGCC-1,1
AGCGATTCATGTCGTA-1,1
AGCGATTGTCCTACGG-1,1
AGCGATTTCCGGTTCT-1,1
AGCGATTTCTCATAGG-1,1
AGCGCCAAGTATGATG-1,1
AGCGCCACAGGCATGA-1,1
AGCGCCAGTAACGCGA-1,1
AGCGCCATCACTCGAA-1,1
AGCGCCATCATGGCCG-1,1
AGCGCTGGTATGACAA-1,1
AGCGTATCACTGCGTG-1,1
AGCGTATCATATGCGT-1,16
AGCGTATTCAGTGGGA-1,24
AGCGTATTCGACGATT-1,1
AGCGTCGCATTGACCA-1,19
AGCTACACACCAGCTG-1,1
AGCTACACAGTAGAGC-1,1
AGCTACACAGTCGGAA-1,24
AGCTACAGTCGTTTCC-1,32
AGCTTCCCAATGGCAG-1,1
AGCTTCCCACCGAATT-1,1
AGGAAATAGGTAGGCT-1,1
AGGAAATGTTCGAGCC-1,1
AGGAAATTCACCATGA-1,48
AGGAATAAGAGCCATG-1,1
AGGAATAAGTTACGAA-1,1
AGGAATACAAACTCGT-1,32
AGGAATAGTCGGATTT-1,1
AGGAATATCATTACGG-1,34
AGGACGAAGACCTTTG-1,31
AGGACGAAGAGGGTCT-1,1
AGGACGAAGATTAGTG-1,41
AGGACGACAAATCAAG-1,1
AGGACGACAATTGAAG-1,1
AGGACGATCACTGATG-1,40
AGGACGATCCAGTACA-1,42
AGGACTTCACGTATAC-1,1
AGGACTTTCATTCGGA-1,1
AGGACTTTCCCATACC-1,1
AGGACTTTCCGTAGTA-1,1
AGGACTTTCCTACCAC-1,30
AGGACTTTCGTTGCCT-1,1
AGGAGGTAGCCGTAAG-1,1
AGGAGGTAGGTCACAG-1,23
AGGAGGTCATGGCCAC-1,1
AGGAGGTGTCTCCGAG-1,1
AGGATAAAGAACAAGG-1,33
AGGATAAAGCACCGAA-1,1
AGGATAAGTGGATACG-1,1
AGGATAAGTGGTATGG-1,1
AGGATAAGTTAGGGAC-1,1
AGGATCTGTACAGAGC-1,1
AGGATCTGTGCCTGCA-1,1
AGGATCTTCAAGTGTC-1,1
AGGCATTCATGAGTAA-1,1
AGGCATTGTTGGGATG-1,1
AGGCATTTCCTGGTCT-1,1
AGGCCACAGAACGTGC-1,1
AGGCCACAGGGCCAAT-1,69
AGGCCACAGTGCAAAT-1,1
AGGCCACCACATGACT-1,1
AGGCCACGTACGTGAG-1,1
AGGCTGCAGAGTGAAG-1,1
AGGCTGCAGGGCTTCC-1,23
AGGCTGCCACGAAAGC-1,1
AGGCTGCCAGCCATTA-1,1
AGGCTGCGTGTGTGTT-1,16
AGGCTGCGTTCGGCCA-1,1
AGGCTGCTCAATCCGA-1,1
AGGCTGCTCACTACGA-1,1
AGGCTGCTCTCTCGCA-1,8
AGGGAGTCACCATTCC-1,13
AGGGAGTCAGTCGAGA-1,1
AGGGAGTCATCCGGTG-1,1
AGGGAGTGTGTCGCTG-1,19
AGGGAGTTCCGCACTT-1,1
AGGGAGTTCCTCTCGA-1,1
AGGGAGTTCTTCGGTC-1,1
AGGGCCTAGAACAAGG-1,1
AGGGCCTAGTTGCGCC-1,1
AGGGCCTCATCTTCGC-1,1
AGGGCTCAGAAGGTAG-1,1
AGGGCTCAGAATTGTG-1,1
AGGGCTCCAATACGCT-1,19
AGGGCTCCAATTTCCT-1,1
AGGGCTCCAGGCTTGC-1,1
AGGGCTCTCATTCGGA-1,1
AGGGCTCTCTAACACG-1,1
AGGGCTCTCTGAGGCC-1,1
AGGGTCCCAGGACATG-1,18
AGGGTCCCAGTAGTTC-1,27
AGGGTGAAGCGATCGA-1,1
AGGGTTTAGACAAGCC-1,2
AGGGTTTAGCAATTCC-1,1
AGGGTTTCAGCGTGCT-1,28
AGGGTTTTCCAAACCA-1,1
AGGTAGGAGGAAGTAG-1,32
AGGTAGGAGTTTGGCT-1,1
AGGTAGGCAAAGCGTG-1,45
AGGTAGGCACCTCAGG-1,1
AGGTAGGGTCAGACTT-1,1
AGGTAGGGTCCATCTC-1,1
AGGTAGGTCTCCGATC-1,1
AGGTAGGTCTCGAGTA-1,1
AGGTCATAGCTGTACT-1,1
AGGTCATAGGCGTCCT-1,1
AGGTCATCACCGTGGT-1,1
AGGTCATTCAAGTCGT-1,12
AGGTCTAAGAATCTAG-1,1
AGGTCTATCAAATAGG-1,1
AGGTCTATCGTGGCGT-1,1
AGGTGTTAGCAATTAG-1,4
AGGTGTTCAGCCATTA-1,1
AGGTGTTCAGGCTTGC-1,1
AGGTGTTCATTAAGCC-1,45
AGGTGTTGTCGATTAC-1,33
AGGTGTTTCAATGCAC-1,49
AGGTGTTTCGACCATA-1,1
AGGTGTTTCGTTACCC-1,38
AGGTTACAGGTGCGAT-1,44
AGGTTACAGTAAACAC-1,1
AGGTTACAGTAACGTA-1,1
AGGTTACCACGCTATA-1,1
AGGTTACCATGGCGCT-1,1
AGGTTACCATGTTACG-1,1
AGGTTACGTAGCGCTC-1,1
AGGTTACGTCGCTCGA-1,1
AGGTTACGTCTGATAC-1,68
AGGTTACTCTAGTCAG-1,2
AGGTTGTAGACCGCCT-1,1
AGTAACCAGTAAGACT-1,1
AGTAACCCAAGCTCTA-1,21
AGTAACCTCGTTGTAG-1,22
AGTACCAAGATGAAGG-1,1
AGTACCAAGCCTCTCT-1,4
AGTACCAAGGAGTACC-1,1
AGTACCACACAGCCAC-1,1
AGTACCAGTGGGTCAA-1,50
AGTACCATCAGCTTGA-1,30
AGTACTGAGCCGTTGC-1,2
AGTACTGCAGCTTTCC-1,1
AGTACTGGTATCGCGC-1,1
AGTACTGTCATTCACT-1,1
AGTACTGTCTCGTTTA-1,1
AGTAGCTAGGAGTACC-1,33
AGTAGCTCAAATGATG-1,3
AGTAGCTCACTGCTTC-1,5
AGTAGCTCAGGCACTC-1,16
AGTAGCTGTCCCTAAA-1,1
AGTAGCTGTTAGAAAC-1,39
AGTAGTCAGACGCATG-1,1
AGTAGTCAGGCTCACC-1,1
AGTAGTCCATAATGCC-1,1
AGTAGTCGTATGACAA-1,40
AGTAGTCGTCTAGATC-1,5
AGTAGTCTCAGCCTCT-1,1
AGTCAACAGCCTGGAA-1,1
AGTCAACAGTCATGCT-1,30
AGTCAACAGTCTCGTA-1,1
AGTCAACGTACACGCC-1,41
AGTCAACTCCTGTAGA-1,1
AGTCAACTCTCAACCC-1,1
AGTCACAAGGAGGGTG-1,1
AGTCACACACAAATAG-1,1
AGTCACAGTTCAGCGC-1,1
AGTCACAGTTTGATCG-1,1
AGTCACATCTCCCATG-1,7
AGTCACATCTTTGCAT-1,1
AGTCATGGTTCCGCGA-1,1
AGTCATGTCCACAGGC-1,1
AGTCTCCCAACCGTGC-1,27
AGTCTCCGTATGGAAT-1,1
AGTCTCCGTGAGTCAG-1,30
AGTGACTCACTGTCGG-1,1
AGTGACTCATCGTCCT-1,1
AGTGACTGTAAGCAAT-1,1
AGTGATCAGAAATCCA-1,1
AGTGATCAGCATCAAA-1,1
AGTGATCAGGAGGTTC-1,1
AGTGATCGTGGCTCTG-1,1
AGTGCCGAGCATGCAG-1,1
AGTGCCGCACTGGACC-1,3
AGTGCCGCATCTGGGC-1,41
AGTGCCGGTACGTTCA-1,1
AGTGCCGGTCGGAAAC-1,1
AGTGCCGGTCTGTGAT-1,1
AGTGTTGAGCCTTGAT-1,1
AGTGTTGGTCAAGCGA-1,6
AGTGTTGTCTATCACT-1,1
AGTTAGCAGATCACCT-1,1
AGTTAGCAGGGCAACT-1,1
AGTTAGCAGTCAGGGT-1,32
AGTTAGCCACTGTGTA-1,1
AGTTAGCGTACCATAC-1,24
AGTTAGCGTACCGGAA-1,1
AGTTAGCGTTCATCGA-1,14
AGTTAGCTCATCGGGC-1,1
AGTTCCCAGTTGGGAC-1,1
AGTTCCCCAAACAGGC-1,26
AGTTCCCCAGCGTGCT-1,1
AGTTCCCCATACTTTC-1,1
AGTTCCCCATCCTATT-1,1
AGTTCCCGTTACACTG-1,27
AGTTCCCGTTGTTGAC-1,1
AGTTCGAAGTATCTGC-1,1
AGTTCGAGTATGCGTT-1,26
AGTTCGATCCTCACCA-1,1
ATACCGACACACGGTC-1,29
ATACCGACACTGCACG-1,1
ATACCGAGTACCTATG-1,1
ATACCGAGTCCCTAAA-1,1
ATACCGAGTTCGAAGG-1,1
ATACCGATCTAGGCCG-1,1
ATACCTTAGACCAAAT-1,1
ATACCTTAGCCTTTCC-1,1
ATACCTTCAGGCCCTA-1,1
ATACCTTCATACCACA-1,1
ATACCTTGTTTGACAC-1,2
ATACTTCAGTAAGGGA-1,1
ATACTTCAGTTTAGGA-1,1
ATACTTCGTACGACTT-1,46
ATACTTCGTTCGGTAT-1,28
ATACTTCTCAGCTGAT-1,34
ATACTTCTCATGCCAA-1,1
ATACTTCTCGCCGTGA-1,15
ATAGACCCAATGAAAC-1,1
ATAGACCCATGATAGA-1,1
ATAGACCTCCGCTTAC-1,24
ATAGACCTCCTGGTCT-1,1
ATAGACCTCTAAGCCA-1,1
ATAGAGAAGCTGACTT-1,1
ATAGAGACAGCACAAG-1,1
ATAGAGACATCCAACA-1,1
ATAGAGACATCCGATA-1,1
ATAGAGACATTGCAAC-1,1
ATAGAGAGTAGTTACC-1,1
ATAGAGATCGTGGGTC-1,1
ATAGAGATCTTCTAAC-1,1
ATAGGCTAGCTCGAAG-1,1
ATAGGCTAGGTAATCA-1,1
ATAGGCTAGGTGCCTC-1,1
ATAGGCTCACCCAACG-1,1
ATAGGCTGTGTTACAC-1,15
ATAGGCTGTGTTGACT-1,1
ATAGGCTTCGTGGGTC-1,1
ATAGGCTTCTACTCAT-1,1
ATATCCTGTATGAGCG-1,33
ATCACAGAGACGTCCC-1,55
ATCACAGCAAAGTATG-1,1
ATCACAGCATGACGTT-1,26
ATCACAGGTCGGATTT-1,1
ATCACGAAGCCGTAAG-1,2
ATCACGACACTCAAGT-1,1
ATCACGAGTGCAGGAT-1,1
ATCACGATCCCTCATG-1,1
ATCACGATCCGCAACG-1,24
ATCACGATCTCCGATC-1,1
ATCACTTAGGATACAT-1,2
ATCACTTAGGTTCCAT-1,1
ATCACTTGTGGCTGCT-1,63
ATCACTTTCAACCTTT-1,1
ATCACTTTCATACGGT-1,1
ATCAGGTCAAGGGCAT-1,1
ATCAGGTCACCTCTAC-1,1
ATCAGGTCACGTACTA-1,1
ATCATTCGTAAGATTG-1,1
ATCATTCGTTGTACGT-1,1
ATCATTCTCATCTATC-1,1
ATCATTCTCCCATAGA-1,1
ATCCACCAGCTGAAGC-1,1
ATCCACCCAAAGACTA-1,1
ATCCACCCAGCAGTGA-1,29
ATCCACCCAGTTTGGT-1,1
ATCCACCCATGATCTG-1,1
ATCCACCCATGTCTAG-1,30
ATCCACCCATTGAAAG-1,1
ATCCACCCATTGAGCT-1,1
ATCCACCGTTTGTTGG-1,59
ATCCACCTCGACCATA-1,1
ATCCATTAGACGCAGT-1,31
ATCCCTGCAATTTCTC-1,21
ATCCCTGGTATCTCGA-1,1
ATCCGTCCAACTCCCT-1,28
ATCCGTCCAGCACGAA-1,1
ATCCGTCGTCGTTGCG-1,1
ATCCTATGTCTGTGCG-1,15
ATCCTATGTTCCCAAA-1,1
ATCCTATGTTCCTAGA-1,1
ATCCTATGTTGCTCCT-1,2
ATCCTATTCATTTACC-1,1
ATCCTATTCCTAGCGG-1,1
ATCGATGAGATGAAGG-1,3
ATCGATGCAACGGCTC-1,28
ATCGATGGTATCGAGG-1,1
ATCGATGGTCAATCTG-1,39
ATCGATGGTTGCATTG-1,1
ATCGCCTAGAGCAGCT-1,1
ATCGCCTAGTGAATAC-1,1
ATCGCCTAGTTCATCG-1,1
ATCGCCTCAATTTCGG-1,1
ATCGCCTGTTTGACAC-1,1
ATCGGATAGGAAAGGT-1,35
ATCGGATCATGTTCGA-1,1
ATCGGATGTAATGCGG-1,1
ATCGGCGAGACCTCAT-1,1
ATCGGCGAGGAGCTGT-1,1
ATCGGCGAGTCCTACA-1,18
ATCGGCGCACCAATTG-1,1
ATCGTAGCATCGGAGA-1,24
ATCGTAGGTACGAAAT-1,1
ATCGTCCAGCCTGAAG-1,48
ATCGTCCGTATGAGGC-1,16
ATCGTCCGTCAACACT-1,1
ATCGTCCGTTTGCCGG-1,1
ATCGTCCTCGGAGCAA-1,57
ATCGTCCTCGTACACA-1,1
ATCGTGAAGCAGATAT-1,9
ATCGTGATCTACTGAG-1,1
ATCTCTAAGACCAGAC-1,1
ATCTCTACAAGAAACT-1,45
ATCTCTAGTCGTGGTC-1,22
ATCTCTAGTCTGTCCT-1,1
ATCTTCAAGAAGAGCA-1,10
ATCTTCAAGTAACGAT-1,1
ATCTTCAAGTATGAAC-1,1
ATCTTCACACGTAACT-1,1
ATCTTCACACGTCGTG-1,1
ATCTTCACAGGTCAGA-1,1
ATCTTCACATACTGAC-1,24
ATCTTCAGTCTCTCCA-1,15
ATCTTCAGTTATCCAG-1,1
ATCTTCAGTTGTTTGG-1,1
ATCTTCATCTCATAGG-1,27
ATGAAAGAGACTTCCA-1,1
ATGAAAGAGGTCACAG-1,1
ATGAAAGAGTGATCGG-1,1
ATGAAAGCACCGGCTA-1,1
ATGAAAGCACCTGATA-1,1
ATGAAAGGTACTTCCC-1,1
ATGAAAGGTTTGCCGG-1,1
ATGAAAGTCCTTATGT-1,57
ATGACCAAGGAGAGGC-1,1
ATGACCAAGGCTAACG-1,48
ATGACCAAGGCTCCCA-1,1
ATGACCACAATATCCG-1,47
ATGACCAGTAGGTTTC-1,1
ATGACCAGTATCATGC-1,1
ATGAGGGAGTCTGGAG-1,1
ATGAGGGAGTGTTCAC-1,1
ATGAGGGGTACTGACT-1,1
ATGAGGGGTGATAGAT-1,1
ATGAGGGGTTATAGCC-1,1
ATGAGGGTCGACATTG-1,1
ATGAGTCAGCGTCTGC-1,1
ATGAGTCGTCGATGCC-1,1
ATGAGTCTCCAGTTCC-1,29
ATGATCGAGGTTATAG-1,1
ATGATCGAGTAGGGTC-1,1
ATGATCGCAGGGCTTC-1,1
ATGATCGGTCGAACAG-1,18
ATGCCTCGTCCTGTCT-1,1
ATGCCTCTCGAAGGAC-1,1
ATGCCTCTCGTCTACC-1,1
ATGCGATAGCGACATG-1,1
ATGCGATGTCGCAACC-1,1
ATGCGATGTGCTCTTC-1,27
ATGCGATGTTGTAGCT-1,24
ATGCGATTCCGTTGGG-1,1
ATGGAGGCATTCAGCA-1,2
ATGGAGGGTCTGCGCA-1,1
ATGGAGGGTGTTTACG-1,21
ATGGATCAGGTGATCG-1,1
ATGGATCGTAGATTGA-1,62
ATGGATCTCGACCTAA-1,24
ATGGGAGAGACGTCCC-1,32
ATGGGAGAGCTAGAAT-1,1
ATGGGAGCAAATTGGA-1,1
ATGGGAGCACTCCGGA-1,76
ATGGGAGTCCACTGAA-1,30
ATGGGAGTCCCATACC-1,7
ATGGGTTAGACCATAA-1,1
ATGGGTTAGCATTGTC-1,1
ATGGGTTCAAATCAGA-1,2
ATGGGTTGTAATACCC-1,1
ATGGGTTGTACCCACG-1,1
ATGGGTTTCCAAATGC-1,1
ATGGGTTTCCTTACCG-1,1
ATGGGTTTCTCCCATG-1,1
ATGGTTGAGACACACG-1,1
ATGGTTGAGCGCCTCA-1,3
ATGGTTGCAACATACC-1,1
ATGGTTGCACCTGAAT-1,1
ATGGTTGTCACGGAGA-1,45
ATGGTTGTCCCGTTGT-1,1
ATGTCCCAGAGCTTTC-1,1
ATGTCCCCAGGAATCG-1,19
ATGTCCCCATAGGTTC-1,46
ATGTCCCGTAAGGAGA-1,1
ATGTCCCGTCCTACGG-1,30
ATGTCTTAGATGGCGT-1,10
ATGTCTTGTAGGTACG-1,2
ATGTCTTGTCGATTCA-1,1
ATTACCTAGTCACTCA-1,1
ATTACTCAGACTGAGC-1,1
ATTACTCAGGTCGACA-1,2
ATTACTCAGGTGGGTT-1,1
ATTACTCCAGCTTTGA-1,24
ATTACTCGTACGGATG-1,1
ATTACTCGTTACAGCT-1,1
ATTACTCGTTGCAACT-1,40
ATTATCCCAATCGTCA-1,1
ATTATCCTCCAGCTCT-1,1
ATTATCCTCGAACCTA-1,1
ATTATCCTCTCTCTTC-1,1
ATTCACTAGAAGGCTC-1,40
ATTCACTAGGGTCAAC-1,1
ATTCACTAGTCGAAAT-1,1
ATTCACTTCTAAGAAG-1,1
ATTCACTTCTCCGCAT-1,28
ATTCAGGAGAAGATCT-1,7
ATTCAGGCAAGTATCC-1,23
ATTCAGGCACGACCTG-1,1
ATTCAGGCATACAGCT-1,1
ATTCAGGCATAGCTGT-1,56
ATTCAGGTCTTCGTGC-1,21
ATTCATCCAGTAGTTC-1,1
ATTCATCTCGAGCCTG-1,1
ATTCCATAGAGCAGTC-1,1
ATTCCATAGGTTACCT-1,1
ATTCCATAGGTTAGTA-1,1
ATTCCATAGTGATAAC-1,1
ATTCCATCACGACTAT-1,25
ATTCCATGTAAGGCTG-1,1
ATTCCATTCACAACCA-1,1
ATTCCATTCCTTTAGT-1,1
ATTCCCGAGTCACTCA-1,35
ATTCCCGCATGTAACC-1,1
ATTCCCGTCCGCGGAT-1,2
ATTCCTACAGTAGGAC-1,1
ATTCCTACATGAGATA-1,34
ATTCCTAGTAGACGGT-1,1
ATTCGTTCAACCACGC-1,1
ATTCGTTCACCAGGTC-1,1
ATTCGTTCAGTCTTCC-1,51
ATTCGTTCATAGAAAC-1,1
ATTCGTTCATGGGCAA-1,1
ATTCGTTCATGGTACT-1,1
ATTCGTTGTAACACCT-1,45
ATTCGTTGTATGAGGC-1,1
ATTCGTTGTGTAGCAG-1,49
ATTCGTTGTGTTCAGT-1,31
ATTCGTTGTTCTTGTT-1,31
ATTCTACAGCTACTAC-1,1
ATTCTACCAAGTGGCA-1,1
ATTCTACCACGTGAGA-1,1
ATTCTACTCTCGTGAA-1,28
ATTCTTGAGCCTGAGA-1,1
ATTCTTGAGTTCCAGT-1,24
ATTCTTGCAAGCTGTT-1,1
ATTCTTGCACAAATGA-1,1
ATTCTTGCACGGCACT-1,1
ATTCTTGGTACAATAG-1,37
ATTCTTGGTAGCGATG-1,1
ATTCTTGGTTGAGGAC-1,1
ATTCTTGTCATCGCCT-1,1
ATTGGGTAGCTTACGT-1,1
ATTGGGTTCTTGGTCC-1,1
ATTGTTCAGGTTTACC-1,1
ATTGTTCAGTCCCGAC-1,1
ATTGTTCTCATAGGCT-1,1
ATTTACCAGGTGCAGT-1,1
ATTTACCAGTGCGACA-1,1
ATTTACCTCAATGTCG-1,1
ATTTACCTCGGCTGGT-1,1
ATTTCACAGTGCAAAT-1,36
ATTTCACGTCCCTAAA-1,1
ATTTCACGTGGATACG-1,52
ATTTCACGTTGGAGGT-1,1
ATTTCACGTTTAGTCG-1,4
ATTTCACTCCGGCTTT-1,1
ATTTCTGAGCGAACTG-1,1
ATTTCTGAGTAGATCG-1,1
ATTTCTGCAAAGTCAA-1,1
ATTTCTGCAAGATGTA-1,1
ATTTCTGCAAGGTCTT-1,60
ATTTCTGGTATCCTCC-1,42
ATTTCTGTCAGTCTTT-1,1
ATTTCTGTCGATGCAT-1,22
ATTTCTGTCGGCCAAC-1,44
CAAAGAACACATATCG-1,33
CAAAGAACAGCTGTTA-1,41
CAAAGAACATGGCCCA-1,1
CAAAGAAGTGTTAAAG-1,1
CAAAGAAGTTCTCCCA-1,23
CAAAGAATCCCTATTA-1,1
CAACAACAGTGTAGTA-1,1
CAACAACCAAGAGAGA-1,1
CAACAACTCCCTCTCT-1,1
CAACAACTCGATACTG-1,16
CAACAGTCATCCGTTC-1,28
CAACAGTTCGAGCACC-1,20
CAACCAAAGCAGCAGT-1,1
CAACCAAAGGGAACAA-1,1
CAACCAACAACGGTAG-1,1
CAACCAAGTTAGAAAC-1,11
CAACCAATCCGCTTAC-1,14
CAACCTCCACTTCAGA-1,1
CAACCTCGTAAGACCG-1,1
CAACCTCGTATCGGTT-1,29
CAACGATAGACGGAAA-1,40
CAACGATAGCCTAGGA-1,48
CAACGATCAAAGCACG-1,35
CAACGATTCAAGCCCG-1,33
CAACGGCAGCGTACAG-1,1
CAACGGCCATCCGCGA-1,1
CAACGGCGTAAGTAGT-1,1
CAACGGCTCACCGGGT-1,1
CAACGGCTCACTCTTA-1,1
CAACGGCTCAGCCTTC-1,1
CAAGACTAGCACCAGA-1,1
CAAGACTAGTGGAAAG-1,42
CAAGACTGTGAGTGAC-1,1
CAAGACTGTGGCGTAA-1,1
CAAGACTGTGTATACC-1,1
CAAGACTTCAATCGGT-1,41
CAAGACTTCCGACAGC-1,1
CAAGACTTCCTAAGTG-1,1
CAAGACTTCGAACGCC-1,1
CAAGAGGCATAACTCG-1,1
CAAGAGGTCTGCAGCG-1,1
CAAGAGGTCTTCACGC-1,53
CAAGCTACAAAGAGTT-1,1
CAAGCTAGTCACTAGT-1,1
CAAGCTAGTCATAAAG-1,1
CAAGCTAGTCCGAAGA-1,1
CAAGCTAGTGGCTGCT-1,83
CAAGCTATCAACCGAT-1,1
CAAGCTATCACCCTTG-1,1
CAAGCTATCCAAGGGA-1,7
CAAGGGAAGAGGATCC-1,1
CAAGGGAAGAGTCGAC-1,26
CAAGGGACAAATGGAT-1,1
CAAGGGACATCCGTTC-1,1
CAAGGGACATGATGCT-1,1
CAAGGGATCAACTGAC-1,1
CAATACGAGGCAGCTA-1,14
CAATACGTCTCGACCT-1,10
CAATCGAAGAGGATCC-1,29
CAATCGACAATGCTCA-1,1
CAATCGATCCGTACGG-1,19
CAATCGATCTGCCTCA-1,1
CAATGACAGATGTTAG-1,1
CAATGACAGATGTTCC-1,1
CAATGACGTCACTCGG-1,1
CAATGACTCAAGCCCG-1,28
CAATGACTCCGTAGTA-1,1
CAATGACTCGACATTG-1,1
CAATTTCAGAGGGTCT-1,1
CAATTTCAGATTGCGG-1,23
CAATTTCCAGCAATTC-1,1
CACAACACATGGGATG-1,1
CACAACAGTCCGTTTC-1,1
CACAACATCGACGCGT-1,1
CACAACATCGAGAATA-1,5
CACAACATCGCTACGG-1,1
CACACAACAAGAAACT-1,49
CACACAACACGAGGAT-1,5
CACACAATCCTTCACG-1,1
CACAGATAGGTACTGG-1,1
CACAGATCACTCCGAG-1,50
CACAGATCACTGAGGA-1,1
CACAGATCATCATGAC-1,33
CACAGATGTTCCGTTC-1,42
CACAGATGTTTACCAG-1,1
CACAGATTCCGCAACG-1,1
CACAGGCAGAACAAGG-1,1
CACAGGCAGGGAGATA-1,1
CACAGGCCAACGATCT-1,39
CACAGGCGTAGCACGA-1,1
CACAGGCTCTCACAGG-1,1
CACATGAAGAGGATCC-1,1
CACATGACAAACGGCA-1,1
CACATGAGTGAATATG-1,1
CACATGAGTTTCGACA-1,31
CACCAAAAGGACATCG-1,45
CACCAAACAAATCCCA-1,1
CACCAAACACGGTCTG-1,1
CACCAAACAGAAGCTG-1,1
CACCAAACAGACACCC-1,1
CACCAAAGTGCATGAG-1,1
CACCAAAGTGTAACGG-1,1
CACCAAATCTCCGCAT-1,4
CACCAAATCTTCCCGA-1,1
CACCGTTAGGTAAAGG-1,1
CACCGTTCACCCTAGG-1,31
CACCGTTGTAACTGCT-1,1
CACCGTTGTTTACGAC-1,1
CACGAATAGAAATTGC-1,1
CACGAATAGACAGCTG-1,1
CACGAATCAAGTGGAC-1,1
CACGAATCACATAGCT-1,38
CACGAATCACTTTATC-1,1
CACGAATTCAACTCTT-1,1
CACGAATTCAAGTCGT-1,24
CACGAATTCAAGTCTA-1,1
CACGGGTAGCATTTGC-1,54
CACGGGTCATGGGTCC-1,1
CACGGGTTCCCGATCT-1,23
CACGTTCAGGGTACGT-1,1
CACGTTCAGTTGGACG-1,1
CACGTTCCAACACTAC-1,1
CACGTTCCAGCTTCCT-1,40
CACGTTCGTAGATCCT-1,1
CACGTTCTCACCTCGT-1,1
CACGTTCTCATTGCCC-1,1
CACGTTCTCTATCACT-1,51
CACTAAGCACTTCTCG-1,1
CACTAAGGTAAGACTA-1,1
CACTAAGGTGATAGTA-1,55
CACTAAGGTTTGGGTT-1,1
CACTGAACAAGAATGT-1,1
CACTGAACAGTCGGAA-1,1
CACTGAACATTCAGCA-1,2
CACTGAAGTCTTTCTA-1,38
CACTGAATCCGGTAAT-1,1
CACTGAATCCTGATAG-1,71
CACTGGGAGGCGACAT-1,50
CACTGGGAGTTACTCG-1,23
CACTGGGCACGCAGTC-1,1
CACTGGGGTCGCACAC-1,73
CACTGGGGTTTGTTCT-1,1
CACTGGGTCACACACG-1,1
CACTGTCAGCTAATGA-1,1
CACTGTCAGTTGGACG-1,1
CACTGTCAGTTGTAGA-1,1
CACTGTCCACATATGC-1,37
CACTGTCGTAAGCTCT-1,1
CACTGTCGTCCACATA-1,1
CACTGTCGTGGCAACA-1,1
CACTTCGAGCCTCTTC-1,1
CACTTCGCAGTGTACT-1,1
CACTTCGGTGCCTATA-1,1
CACTTCGTCACCTACC-1,60
CAGAGCCGTGCCCGTA-1,16
CAGAGCCGTTTGGAAA-1,1
CAGATACAGTCGCGAA-1,2
CAGATACCAATACGAA-1,1
CAGATACTCGTTCCCA-1,46
CAGATCACAGCCTATA-1,1
CAGATCAGTAACATAG-1,1
CAGATCATCCCTCTCC-1,1
CAGATCATCGAAGAAT-1,1
CAGATCATCGTGGTAT-1,1
CAGATCATCTGGAGAG-1,1
CAGATTGAGAACGTGC-1,47
CAGATTGAGCTGAGCA-1,28
CAGATTGGTCAATCTG-1,1
CAGATTGGTGACTAAA-1,52
CAGATTGGTTGGGATG-1,1
CAGATTGTCAGCTGAT-1,1
CAGCAATAGGGAGAAT-1,2
CAGCAATCATAACGGG-1,1
CAGCAATGTACATTGC-1,1
CAGCAATGTATCGTTG-1,51
CAGCAATTCTTTGCAT-1,1
CAGCACGAGGGAGTTC-1,1
CAGCACGCAAAGACTA-1,1
CAGCACGCACAAAGCG-1,1
CAGCACGCATAATGCC-1,1
CAGCACGTCAAGAATG-1,1
CAGCACGTCGTCCATC-1,1
CAGCACGTCTGTCGTC-1,1
CAGCAGCCAGCTGTAT-1,1
CAGCAGCCATACAGGG-1,1
CAGCAGCCATGGCTAT-1,1
CAGCAGCTCAGAGTTC-1,28
CAGCCAGAGCGGACAT-1,1
CAGCCAGCACCGTGGT-1,1
CAGCCAGGTCAGTCTA-1,1
CAGCCAGGTCCGGCAT-1,1
CAGCCAGGTGGGTTGA-1,46
CAGCCAGTCACAGAGG-1,1
CAGCGTGCAAGAGGCT-1,1
CAGCGTGCACATACGT-1,1
CAGCGTGCATGGTGGA-1,1
CAGCGTGGTAGAATAC-1,1
CAGCGTGGTCGTGGAA-1,1
CAGCGTGTCCATCACC-1,22
CAGCGTGTCCGATTAG-1,1
CAGGCCAAGTTTCGAC-1,1
CAGGCCAGTTCAATCG-1,43
CAGGCCATCACTCACC-1,16
CAGGCCATCCACTAGA-1,32
CAGGGCTAGATTGGGC-1,28
CAGGGCTCACTTGACA-1,1
CAGGGCTCAGATCCAT-1,1
CAGGGCTGTCTGTTAG-1,1
CAGGGCTTCAGAGCAG-1,1
CAGGGCTTCGACGAGA-1,47
CAGGTATAGAAGAGGC-1,1
CAGGTATAGCGGCTCT-1,1
CAGGTATGTACCTATG-1,1
CAGGTATGTAGACAGC-1,1
CAGGTATGTCAGTCTA-1,79
CAGGTATGTGTAAATG-1,33
CAGGTATTCTTACCAT-1,1
CAGTGCGAGCATGAAT-1,1
CAGTGCGGTTCTAACG-1,1
CAGTGCGTCAGGACGA-1,1
CAGTGCGTCCACGGAC-1,1
CAGTTAGGTAGGCAGT-1,1
CAGTTAGGTATTCTCT-1,1
CAGTTAGTCATCTACT-1,1
CAGTTAGTCGAGTGAG-1,1
CAGTTAGTCGGCCCAA-1,17
CAGTTCCCAATCGTCA-1,31
CAGTTCCGTGAGTTTC-1,1
CATAAGCAGCTGTACT-1,1
CATAAGCAGTATGAGT-1,1
CATAAGCCACATGAAA-1,1
CATAAGCGTACGGTTT-1,1
CATAAGCGTAGCGCTC-1,47
CATAAGCTCCGTGTGG-1,30
CATAAGCTCTACGCAA-1,1
CATACAGCAACACTAC-1,1
CATACAGCAAGTTGGG-1,1
CATACAGGTATCATGC-1,1
CATACAGTCTGGAGAG-1,1
CATACCCAGTCATGAA-1,1
CATACCCCAGAGAAAG-1,1
CATACCCTCTACCACC-1,1
CATACTTAGGTACCTT-1,1
CATACTTCAAATGCGG-1,1
CATACTTTCAACGAGG-1,32
CATACTTTCAGCCTCT-1,1
CATAGACAGATCACTC-1,1
CATAGACCAGTAACAA-1,1
CATAGACCATCTCAAG-1,12
CATAGACGTACCTTCC-1,7
CATAGACTCACCATAG-1,1
CATAGACTCTAGCATG-1,1
CATAGACTCTGCACCT-1,1
CATCAAGAGCGCCGTT-1,12
CATCAAGCAAGCTGAG-1,1
CATCAAGGTAACACCT-1,1
CATCAAGGTATGGTTC-1,43
CATCAAGGTCGAAACG-1,1
CATCAAGGTCTAACTG-1,14
CATCAAGGTTGTCCCT-1,27
CATCAAGTCCTATGGA-1,1
CATCAAGTCTTGCATC-1,1
CATCCACAGTGTGTTC-1,1
CATCCACTCAGTCACA-1,1
CATCCACTCTCTTAAC-1,1
CATCCCAAGAAACCCG-1,2
CATCCCACAGCGGTCT-1,1
CATCCCATCAGACCCG-1,1
CATCCGTAGGCTCTCG-1,1
CATCCGTGTAGAGTTA-1,1
CATCCGTGTATCGCTA-1,24
CATCCGTGTGATCGTT-1,1
CATCCGTGTTCGTTCC-1,2
CATCGCTAGAGACAAG-1,1
CATCGCTGTCAATGGG-1,1
CATCGCTGTTGGGTAG-1,1
CATCGCTTCTAGTTCT-1,1
CATCGCTTCTTTGCAT-1,11
CATCGGGCAACAGCCC-1,1
CATCGGGCAATTGAAG-1,1
CATCGGGCACCGAATT-1,1
CATCGGGTCAACTTTC-1,1
CATCGGGTCGCTACAA-1,16
CATCGTCCACACGTGC-1,1
CATCGTCTCCCTCGTA-1,1
CATCGTCTCCGTTGAA-1,54
CATGAGTAGCACCGTC-1,1
CATGAGTAGCGAGTAC-1,1
CATGAGTAGCTCGTGC-1,1
CATGAGTCACCATTCC-1,39
CATGAGTGTACCTAGT-1,1
CATGAGTTCCCGTTGT-1,1
CATGCAACATAACGGG-1,1
CATGCAAGTTTACTGG-1,1
CATGCAATCACCTTAT-1,1
CATGCCTAGGACGCAT-1,1
CATGCCTCAATTGCTG-1,35
CATGCCTCACAAAGCG-1,1
CATGCCTCACCCATAA-1,1
CATGCCTCAGGCTATT-1,37
CATGCCTGTAGGAGGG-1,1
CATGCCTGTCCAAATC-1,1
CATGCCTGTTCCGCAG-1,53
CATGCCTGTTCCTAAG-1,1
CATGCGGAGATGACCG-1,1
CATGCGGAGTGACACG-1,1
CATGCGGTCGGTCGAC-1,14
CATGCTCGTCTCTCAC-1,17
CATGGATCAATCCTAG-1,1
CATGGATCACCGTGAC-1,4
CATGGATCACGACGAA-1,1
CATGGATCAGCCTTCT-1,1
CATGGATCATCCCGTT-1,1
CATGGATGTGCGACAA-1,1
CATGGATTCAACGAGG-1,2
CATGGATTCGTGCTCT-1,1
CATTCATAGGATCATA-1,1
CATTCATCAGACATCT-1,1
CATTCATGTGAGATAT-1,1
CATTCATGTGGCCCAT-1,1
CATTCATGTTGGTACT-1,1
CATTCCGAGAAACACT-1,1
CATTCCGCAGGCTATT-1,1
CATTCTAAGGTCATTC-1,1
CATTCTAAGTTTAGGA-1,1
CATTCTACATCATGAC-1,1
CATTCTAGTAGCTTGT-1,36
CATTCTAGTGCCGGTT-1,5
CATTCTAGTGCTTCAA-1,1
CATTCTATCAGTAGGG-1,40
CATTCTATCGGAGTAG-1,1
CATTGAGAGGGACCAT-1,46
CATTGAGAGGTACAAT-1,1
CATTGAGCAAGGTCTT-1,1
CATTGAGGTCTGTGTA-1,1
CATTGAGGTTCTATCT-1,1
CATTGAGTCTGGGTCG-1,1
CATTGCCAGAGAGGTA-1,1
CATTGCCCAACACAAA-1,1
CATTGCCCATGAGATA-1,1
CATTGCCTCTTGCAAG-1,1
CATTGTTAGCATCCTA-1,1
CATTGTTCACGGTGTC-1,1
CATTGTTGTATAGGAT-1,1
CATTTCACAAGACCTT-1,1
CATTTCAGTGCACATT-1,1
CATTTCATCTCTCTTC-1,52
CCAAGCGAGCTAATCC-1,28
CCAAGCGAGGTTCATC-1,22
CCAAGCGGTACGTGTT-1,1
CCAATGAAGGTCACTT-1,25
CCAATGAAGTTTGTCG-1,1
CCAATGACACAACGTT-1,1
CCAATGACACCACTGG-1,1
CCAATGAGTCAGCGTC-1,1
CCAATGATCAAGAGGC-1,2
CCAATGATCCCATACC-1,1
CCAATTTCAAAGGCTG-1,43
CCAATTTCACCCTATC-1,2
CCAATTTCATTCGATG-1,30
CCAATTTGTACGGCAA-1,1
CCAATTTGTATGACAA-1,4
CCAATTTTCATGACAC-1,1
CCACAAATCCTCGCAT-1,1
CCACAAATCGGTATGT-1,1
CCACACTAGACCAGCA-1,1
CCACACTAGAGTAACT-1,1
CCACACTAGTAGAATC-1,1
CCACACTCAGGACTTT-1,75
CCACACTGTTAAGGGC-1,1
CCACACTGTTGAAGTA-1,1
CCACCATAGGGAGGGT-1,1
CCACCATAGGTCATCT-1,48
CCACCATGTGTTATCG-1,1
CCACCATTCAATGTCG-1,1
CCACCATTCACCGACG-1,1
CCACCATTCGTTGCCT-1,1
CCACGAGGTAATCAAG-1,3
CCACGAGTCTTCCTAA-1,57
CCACGTTAGCCGATTT-1,1
CCACGTTCAAACACGG-1,1
CCACGTTCAAACGGCA-1,1
CCACGTTTCAAATGAG-1,1
CCACGTTTCACAAGGG-1,1
CCACGTTTCACCTCTG-1,1
CCACGTTTCATCAGTG-1,42
CCACGTTTCCGTTGAA-1,1
CCACGTTTCGTAACAC-1,1
CCACGTTTCGTGAGAG-1,22
CCACGTTTCGTGCAGC-1,1
CCACGTTTCTGCTGAA-1,56
CCACGTTTCTTAGCCC-1,1
CCACGTTTCTTCTTCC-1,1
CCACTTGAGGTATCTC-1,1
CCACTTGCACACGTGC-1,1
CCACTTGCACTGAGTT-1,2
CCACTTGCAGCTATTG-1,25
CCACTTGGTCACCCTT-1,1
CCACTTGTCATGGATC-1,1
CCACTTGTCGCAGAGA-1,72
CCACTTGTCGCAGGGA-1,1
CCATAAGCAAAGGAGA-1,1
CCATAAGGTAAGCGGT-1,1
CCATAAGGTGAGGAAA-1,24
CCATAAGTCCACTAGA-1,1
CCATAAGTCCTTCTGG-1,1
CCATCACAGTGGTGAC-1,7
CCATCACCAGCTGAAG-1,1
CCATCACCATGCAAGG-1,1
CCATCACCATTAAAGG-1,32
CCATCACGTCTGTGCG-1,1
CCATCACGTTTACGAC-1,1
CCATCACTCTAACACG-1,24
CCATCACTCTTTCTAG-1,4
CCCAACTTCAAAGGAT-1,1
CCCATTGAGTAGGGTC-1,1
CCCATTGCAATGGCAG-1,1
CCCATTGCACGCGTGT-1,1
CCCATTGCACTAGGCC-1,1
CCCATTGTCCTGTTGC-1,1
CCCATTGTCTGCATAG-1,1
CCCGAAGAGAGGATCC-1,1
CCCGAAGCACTTCAGA-1,1
CCCGAAGTCGAATCCA-1,1
CCCGGAAAGTCACTCA-1,1
CCCGGAATCAAACCCA-1,24
CCCTAACAGAGATGCC-1,1
CCCTAACAGTATGATG-1,7
CCCTAACCAACAACAA-1,1
CCCTAACCAACCGTGC-1,1
CCCTAACCAAGCGCTC-1,1
CCCTAACCAGGTTCGC-1,31
CCCTAACGTAACTGCT-1,47
CCCTAACGTCGCTTAA-1,1
CCCTAACGTTCGGCCA-1,1
CCCTAACTCAGTGATC-1,1
CCCTAACTCCTTCAGC-1,1
CCCTCAAAGATGGTCG-1,1
CCCTCAAAGCTGACTT-1,1
CCCTCAAAGTTTCGAC-1,1
CCCTCAACACTCCGGA-1,1
CCCTCAAGTCCAGAAG-1,1
CCCTCAATCGGTCTAA-1,1
CCCTCTCAGACCACGA-1,1
CCCTCTCAGTGATTCC-1,1
CCCTCTCCACTACTTT-1,1
CCCTCTCCAGTATACC-1,2
CCCTCTCTCCACTAGA-1,1
CCCTCTCTCGCTTTAT-1,1
CCCTGATAGAAACTGT-1,1
CCCTGATGTGGTCTAT-1,1
CCCTGATTCACTACTT-1,1
CCCTGATTCAGGACGA-1,1
CCCTTAGGTTTCCAAG-1,23
CCGAACGAGCTAAGTA-1,20
CCGAACGAGGAACGCT-1,46
CCGAACGAGTAACGAT-1,1
CCGAACGCAACTTGCA-1,1
CCGAACGGTACCAATC-1,1
CCGATCTGTCTCCTGT-1,1
CCGATCTGTGGAGGTT-1,30
CCGATGGCAAGGCAAC-1,1
CCGATGGGTACCTGTA-1,1
CCGATGGGTCAGTCTA-1,2
CCGATGGGTTCTCGCT-1,67
CCGATGGTCACCTCTG-1,18
CCGATGGTCTGTCGCT-1,38
CCGCAAGAGCGTGCCT-1,1
CCGCAAGCAGTCGCAC-1,4
CCGCAAGCATTCAGGT-1,36
CCGCAAGGTACCAGAG-1,53
CCGCAAGTCTACACTT-1,1
CCGGACAGTGATACCT-1,44
CCGGGTAAGAAACCAT-1,1
CCGGGTACAAATCGGG-1,1
CCGGGTACACTCCGAG-1,46
CCGGGTACAGGCACAA-1,2
CCGGGTACATACCAGT-1,12
CCGGGTAGTCTGTGGC-1,1
CCGGGTAGTTAAACAG-1,1
CCGGGTATCGCATAGT-1,1
CCGGTAGCAAATTGGA-1,1
CCGGTAGGTAGTACGG-1,19
CCGGTAGGTATGGAAT-1,1
CCGGTAGTCAAGAGGC-1,1
CCGGTGAAGACGCCCT-1,1
CCGGTGACACGGTAGA-1,1
CCGGTGACAGTGTACT-1,1
CCGGTGACAGTTTCAG-1,1
CCGGTGATCGGTCATA-1,1
CCGTAGGAGGCACTCC-1,1
CCGTAGGCATTCACAG-1,1
CCGTAGGGTTCCCACT-1,41
CCGTAGGGTTTACGAC-1,2
CCGTAGGTCATACAGC-1,22
CCGTGAGAGAGGTCAC-1,34
CCGTGAGAGGAAAGTG-1,1
CCGTGAGAGGGACAGG-1,1
CCGTGAGCATCGTCCT-1,1
CCGTGAGGTACTAGCT-1,1
CCGTGAGTCCCAAGCG-1,1
CCGTGAGTCGCCTTTG-1,20
CCGTTCACAGAAGCTG-1,26
CCGTTCACAGTCGCTG-1,1
CCGTTCACATGTAACC-1,1
CCGTTCAGTCTTAGTG-1,1
CCTAACCGTGAATATG-1,1
CCTAACCGTGATTCTG-1,1
CCTAACCGTTTCGCTC-1,1
CCTAACCTCTACGGTA-1,1
CCTAAGAAGACAGTCG-1,1
CCTAAGAAGACCATAA-1,1
CCTAAGAAGACTCAAA-1,1
CCTAAGAAGACTCTAC-1,97
CCTAAGAAGGCTCTAC-1,1
CCTAAGAAGTCACACT-1,1
CCTAAGATCATTTGGG-1,1
CCTAAGATCCGAGCTG-1,1
CCTACGTAGATTACCC-1,1
CCTATCGAGACAGCGT-1,41
CCTATCGAGACAGTGT-1,1
CCTATCGAGCTCGGCT-1,1
CCTATCGAGTCATAGA-1,1
CCTATCGGTCTTTCTA-1,1
CCTCAACAGGCAGGTT-1,1
CCTCAACAGGTAGTAT-1,1
CCTCAACCAATGGGTG-1,1
CCTCAACTCGTTCTGC-1,1
CCTCAACTCTTAGCCC-1,23
CCTCACAAGGATGAGA-1,1
CCTCACAGTAGCGTTT-1,1
CCTCACAGTGCAACAG-1,1
CCTCACATCCCTCTCC-1,1
CCTCACATCTAGTCAG-1,1
CCTCAGTAGCAAGGAA-1,4
CCTCAGTAGCGGATCA-1,1
CCTCAGTAGCTGCCTG-1,1
CCTCAGTAGGAGTCTG-1,1
CCTCAGTAGTAGGAAG-1,1
CCTCAGTCATGATGCT-1,23
CCTCAGTGTCTAGGCC-1,1
CCTCAGTGTCTCTCAC-1,1
CCTCAGTTCCATTTAC-1,1
CCTCAGTTCCCATACC-1,1
CCTCAGTTCCGAGCTG-1,27
CCTCAGTTCTTACGTT-1,1
CCTCATGAGGTCTTTG-1,1
CCTCATGCACGTTGGC-1,1
CCTCATGCACTATGTG-1,23
CCTCATGGTGCTATTG-1,1
CCTCATGGTGGATCAG-1,2
CCTCATGGTTTCGCTC-1,37
CCTCATGTCAAACTGC-1,1
CCTCATGTCTCTCAAT-1,40
CCTCCAAAGAAGGATG-1,1
CCTCCAAAGGCACTAG-1,1
CCTCCAAAGGCATGGT-1,1
CCTCCAAAGGCCCGTT-1,68
CCTCCAAAGTATGATG-1,11
CCTCCAAAGTCATCCA-1,1
CCTCCAACAACCCTCT-1,27
CCTCCAACACAATGAA-1,38
CCTCCAAGTCTGCCTT-1,1
CCTCCAAGTGTGTTTG-1,1
CCTCCAAGTTAAGGAT-1,1
CCTCCTCAGTCCCGAC-1,20
CCTCCTCCATTCAGGT-1,26
CCTCCTCGTATGAAAC-1,1
CCTCCTCTCAAGCGTT-1,28
CCTCCTCTCACCTGTC-1,1
CCTCTAGAGAAGGCTC-1,1
CCTCTAGAGATGCCGA-1,1
CCTCTAGCACACGCCA-1,1
CCTCTAGCAGACCTAT-1,34
CCTCTAGGTTCGGTCG-1,1
CCTCTAGTCAGGGATG-1,1
CCTCTAGTCTGCTTAT-1,1
CCTCTCCGTGTGCTTA-1,10
CCTCTCCTCGGCTTCT-1,1
CCTCTCCTCGTTCCTG-1,49
CCTGCATAGTGGTGAC-1,75
CCTGCATCAACGGGTA-1,22
CCTGCATGTTCTTAGG-1,32
CCTGTTGGTGTGCCTG-1,32
CCTGTTGTCAAGAGTA-1,20
CCTGTTGTCCCGTTCA-1,1
CCTGTTGTCGTTTACT-1,1
CCTTCAGAGGAACGTC-1,7
CCTTCAGAGGACGCTA-1,1
CCTTCAGAGTTGCTGT-1,1
CCTTCAGCACAGAGCA-1,41
CCTTCAGCAGCTCTTC-1,1
CCTTCAGCAGCTTTCC-1,1
CCTTCAGCATGTGGTT-1,1
CCTTCAGTCTGCTTTA-1,1
CCTTGTGGTTTACTGG-1,1
CCTTGTGTCATGCCGG-1,1
CCTTTGGGTCCTACAA-1,1
CCTTTGGGTTAGCGGA-1,1
CCTTTGGTCGTGCACG-1,1
CGAAGGAAGAGAGGGC-1,2
CGAAGGAAGTAGGGTC-1,1
CGAAGGAGTGAGGAAA-1,1
CGAAGGAGTGTATACC-1,1
CGAAGGATCGACGCGT-1,25
CGAAGTTGTCTGTGCG-1,1
CGAATTGAGACATCCT-1,1
CGAATTGAGTAGCATA-1,1
CGAATTGCACCTCTGT-1,1
CGAATTGCAGCGTACC-1,1
CGAATTGCAGGGCTTC-1,1
CGAATTGCATGCACTA-1,1
CGAATTGGTCTGTTAG-1,31
CGACAGCTCCACCTCA-1,1
CGACAGCTCCTTCTTC-1,1
CGAGAAGAGATGTTCC-1,1
CGAGAAGAGCTTGTGT-1,1
CGAGAAGGTAATGATG-1,1
CGAGAAGGTCATAAAG-1,1
CGAGAAGGTGTAGGAC-1,1
CGAGAAGTCAAGTTGC-1,168
CGAGAAGTCCAATGCA-1,89
CGAGAAGTCCTGGGTG-1,1
CGAGAAGTCGGTTAGT-1,1
CGAGGAAAGGTCACAG-1,1
CGAGGAAAGTCGCGAA-1,13
CGAGGAACACTGATTG-1,30
CGAGGAACAGGTTACT-1,1
CGAGGAAGTAGATCCT-1,1
CGAGGAAGTCCTGGGT-1,24
CGAGGAATCGATTGGT-1,1
CGAGGAATCTCAGAAC-1,1
CGAGGCTAGCAAGCCA-1,1
CGAGGCTCAGATCACT-1,17
CGAGGCTCAGCATGCC-1,19
CGAGGCTCATAATGCC-1,1
CGAGGCTGTACGATCT-1,1
CGAGGCTTCACACCCT-1,1
CGAGTGCGTTCCGCGA-1,34
CGAGTTAAGACGGAAA-1,1
CGAGTTAAGATAGTGT-1,1
CGAGTTACAACTGTGT-1,1
CGAGTTAGTCGAGTTT-1,23
CGATCGGCAATTGGTC-1,20
CGATCGGCAGCGTGAA-1,19
CGATCGGTCCATCTAT-1,1
CGATGCGAGAGCAGTC-1,1
CGATGCGAGCAGAAAG-1,13
CGATGCGCACCCAACG-1,2
CGATGCGGTTGCCAAT-1,1
CGATGCGTCAAGAATG-1,1
CGATGCGTCGAACCAT-1,17
CGATGGCAGACATCCT-1,1
CGATGGCAGAGCCGAT-1,1
CGATGGCAGGAAAGGT-1,1
CGATGGCCAACCTATG-1,1
CGATGGCCACTCGATA-1,53
CGATGGCGTAGCGTCC-1,28
CGATGGCGTCTTGCGG-1,1
CGCAGGTAGTGATCGG-1,1
CGCAGGTCAGGAAGTC-1,1
CGCAGGTGTGCTTCAA-1,16
CGCAGGTTCTTCGGTC-1,1
CGCATAAAGTGATGGC-1,46
CGCATAACAATTTCCT-1,1
CGCATAAGTGAACTAA-1,1
CGCATAATCCGGTTCT-1,1
CGCATGGAGGCCACTC-1,1
CGCATGGGTCTGCATA-1,1
CGCCAGAAGCACTCGC-1,2
CGCCAGACAACCCTCT-1,1
CGCCAGACATACATCG-1,1
CGCCATTAGTCCCAAT-1,1
CGCCATTCAAGCGGAT-1,1
CGCCATTGTTCCCAAA-1,1
CGCCATTTCTAGTACG-1,1
CGCGTGAAGTCACGAG-1,1
CGCGTGAAGTTAGTAG-1,1
CGCGTGACATTGACCA-1,1
CGCGTGAGTACAATAG-1,16
CGGAACCAGCCACTCG-1,1
CGGAACCGTATCACGT-1,25
CGGAACCGTTTGCAGT-1,27
CGGAACCTCGGTGCAC-1,1
CGGAATTAGGTCGTAG-1,4
CGGAATTCATGTGTCA-1,1
CGGAATTGTGCATCTA-1,1
CGGAATTTCGTGGGAA-1,1
CGGACACAGAGCCGAT-1,1
CGGACACAGGACAGCT-1,46
CGGACACTCACCCTCA-1,1
CGGAGAACAGAGGCAT-1,2
CGGAGAACAGCAATTC-1,1
CGGAGAAGTAAGGCTG-1,1
CGGAGAAGTCAACACT-1,1
CGGAGAATCCACAGGC-1,1
CGGCAGTCACATCCCT-1,1
CGGCAGTGTCGCTTAA-1,1
CGGCAGTTCTGTCGTC-1,1
CGGCAGTTCTTGTGCC-1,1
CGGGACTGTTTCACTT-1,34
CGGGCATTCGGTTAGT-1,1
CGGGTCACAGAGTTGG-1,1
CGGGTCAGTACTAAGA-1,1
CGGGTCAGTTGTATGC-1,1
CGGGTCATCTAGGCCG-1,1
CGGGTGTCACAGCCAC-1,1
CGGGTGTCACGAAGAC-1,1
CGGGTGTGTTGCTAGT-1,1
CGGGTGTTCCGACAGC-1,1
CGGGTGTTCCGTGACG-1,32
CGGTCAGAGACGCCCT-1,1
CGGTCAGCATAGTCGT-1,1
CGGTCAGCATGAGGGT-1,1
CGGTCAGGTCATCTAG-1,1
CGGTCAGTCAGGGATG-1,1
CGTAAGTAGTGTTGAA-1,1
CGTAAGTGTGATAGTA-1,38
CGTAAGTGTTGTGTTG-1,1
CGTAAGTTCTTCCCGA-1,1
CGTAATGGTACCCGCA-1,1
CGTAATGGTGCCTGAC-1,2
CGTAATGGTTGCTCGG-1,1
CGTAATGTCTCTGAGA-1,1
CGTAGTACAATCTCGA-1,2
CGTAGTACACTGCGTG-1,1
CGTAGTATCAGCCCAA-1,1
CGTAGTATCAGCCCAG-1,29
CGTAGTATCGTAACTG-1,1
CGTCAAAAGCCTGTGC-1,1
CGTCAAACAAATGATG-1,1
CGTCAAACAGAATGTA-1,31
CGTCAAAGTCAGTTTG-1,1
CGTCCATAGGGAGGCA-1,3
CGTCCATGTCCGGTGT-1,1
CGTCCATGTTTGGAAA-1,26
CGTCCATTCTCTCTTC-1,1
CGTGAATAGTCGGCCT-1,40
CGTGAATCACAGTACT-1,1
CGTGAATGTTCAAACC-1,1
CGTGAATTCTGTCGTC-1,1
CGTGATAAGGTTCTTG-1,1
CGTGATATCATGCAGT-1,1
CGTGATATCTGGTGGC-1,15
CGTGCTTAGCTTTGTG-1,14
CGTGCTTCAAGCGCTC-1,44
CGTGCTTGTTTAGACC-1,39
CGTGTCTCACAGTACT-1,30
CGTGTCTCACATAGCT-1,1
CGTGTCTCATGGGTTT-1,23
CGTGTCTGTCAGTTTG-1,33
CGTGTCTTCCGCTAGG-1,1
CGTTAGAAGACTCAAA-1,1
CGTTAGATCAGCCTCT-1,72
CGTTAGATCATTATCC-1,68
CGTTAGATCCAAGAGG-1,10
CGTTAGATCCATAAGC-1,1
CGTTAGATCTCCCATG-1,1
CGTTCTGAGGGTCACA-1,1
CGTTCTGAGGTCGTAG-1,1
CGTTCTGAGTCCTGCG-1,1
CGTTCTGCACTGTCGG-1,1
CGTTCTGGTCGTTCAA-1,1
CGTTCTGTCAGCGCAC-1,14
CGTTCTGTCCCGAACG-1,35
CGTTCTGTCCCGAGTG-1,1
CGTTGGGCACCCGTAG-1,1
CTAACCCAGCCGCTTG-1,18
CTAACCCCACTTCAAG-1,48
CTAACCCTCGCCAGAC-1,1
CTAACCCTCGTTGCCT-1,1
CTAACTTAGACTACCT-1,1
CTAACTTAGCCTCACG-1,21
CTAACTTAGGCGATAC-1,1
CTAACTTCAAGCCCAC-1,1
CTAACTTCACGCTGTG-1,1
CTAACTTTCTCTCTTC-1,1
CTAACTTTCTGGGCCA-1,1
CTAAGTGCACAATGCT-1,34
CTAAGTGCAGAAATTG-1,1
CTAAGTGCAGCTAACT-1,2
CTAAGTGGTCCACTCT-1,45
CTACAGACAAAGGGTC-1,1
CTACAGACAACAAAGT-1,127
CTACAGACAGAGTTGG-1,1
CTACAGACAGGAATAT-1,29
CTACAGATCAGGAGAC-1,37
CTACAGATCCATCCGT-1,1
CTACAGATCCTTATGT-1,1
CTACATTAGAGACAAG-1,1
CTACATTCAATGTCTG-1,1
CTACATTCAGGTATGG-1,1
CTACATTGTCTCTCTG-1,1
CTACATTTCATTATCC-1,1
CTACATTTCTTAGCTT-1,1
CTACCCAAGACATAGT-1,1
CTACCCAAGGGTGAGG-1,1
CTACCCAAGGTCCTGC-1,1
CTACCCACAACTCCAA-1,1
CTACCCAGTTCAGGTT-1,1
CTACCCATCGAGAGCA-1,1
CTACCTGAGAATTGTG-1,1
CTACCTGAGCCTTTGA-1,1
CTACCTGCAACGGGTA-1,4
CTACCTGCATGGGCAA-1,1
CTACCTGTCCCGAACA-1,1
CTACCTGTCTCGAACA-1,34
CTACGGGAGAGAAGGT-1,1
CTACGGGAGTTAGTGA-1,1
CTACGGGCATCCGTTC-1,1
CTACGGGTCACCATAG-1,13
CTACGGGTCGTTCAGA-1,24
CTACTATAGACTCGAG-1,1
CTACTATAGGTCGCCT-1,1
CTACTATGTCCCTGAG-1,1
CTACTATTCACGTCCT-1,1
CTACTATTCGTCTACC-1,1
CTAGACACACATACTG-1,1
CTAGACACACGGCGTT-1,1
CTAGACAGTCGTGGTC-1,34
CTAGACAGTCTAACTG-1,39
CTAGACATCGGAGTAG-1,1
CTAGGTAAGGTAGACC-1,1
CTAGGTATCGATGCAT-1,1
CTAGGTATCGTAGGAG-1,2
CTAGGTATCTAACGCA-1,35
CTAGGTATCTCGCTCA-1,4
CTATAGGCATGACGGA-1,1
CTATCCGAGAGTTGAT-1,3
CTATCCGAGCTGTTAC-1,31
CTATCTAAGAACGCGT-1,1
CTATCTACAGCTACCG-1,1
CTATCTAGTTCGTACA-1,1
CTATCTAGTTGGCCGT-1,1
CTCAACCAGGAACGTC-1,1
CTCAACCGTGGATGAC-1,43
CTCAACCGTGTGTCGC-1,12
CTCAACCTCCTACGAA-1,1
CTCAACCTCCTTCAGC-1,1
CTCAAGAAGATTACCC-1,37
CTCAAGAAGTCATGGG-1,1
CTCAAGACATCCTGTC-1,28
CTCAAGAGTCAAAGAT-1,62
CTCAAGAGTCACCTTC-1,1
CTCAATTAGAACTTCC-1,1
CTCAATTCAATTGCTG-1,1
CTCAATTGTTTCGACA-1,1
CTCAATTTCGGAAGGT-1,19
CTCACTGAGAAAGGAT-1,1
CTCACTGCAAGTTGGG-1,3
CTCACTGCACCTTCCA-1,51
CTCACTGCAGCCTGCA-1,1
CTCACTGGTAGTGATA-1,1
CTCACTGTCCTCTCTT-1,6
CTCACTGTCTTTGGAG-1,1
CTCAGAACAATTGTGC-1,36
CTCAGAACATGTCAGT-1,1
CTCAGAAGTACCTGTA-1,1
CTCAGAAGTAGGCAAC-1,1
CTCAGAAGTGAGATTA-1,1
CTCAGGGAGAAATCCA-1,1
CTCAGGGAGAGTTGCG-1,2
CTCAGGGAGTCTGCAT-1,1
CTCAGGGGTCATCGCG-1,31
CTCAGGGGTCGTACTA-1,2
CTCAGGGTCTCACCCA-1,64
CTCAGTCAGGGACAGG-1,29
CTCAGTCGTCTCACGG-1,1
CTCATCGAGAGGCGTT-1,30
CTCATCGTCGTACCTC-1,23
CTCATGCAGATGGTAT-1,1
CTCATGCAGCTTTCTT-1,1
CTCATGCAGTTACGGG-1,1
CTCATGCGTAAGCTCT-1,1
CTCATGCTCCGAGAAG-1,1
CTCATGCTCCGTGTCT-1,1
CTCATGCTCGCACGAC-1,1
CTCATGCTCGGACAAG-1,1
CTCATTAAGGAAGTGA-1,46
CTCATTACACCGCTGA-1,2
CTCATTACAGGTCTCG-1,1
CTCATTAGTGGTTTAC-1,1
CTCATTATCGTACACA-1,55
CTCCAACCAATCTCTT-1,31
CTCCAACCACCCTCTA-1,1
CTCCAACGTACCGTCG-1,1
CTCCAACGTAGTGTGG-1,37
CTCCAACGTCGAGTTT-1,2
CTCCAACGTGTGGTCC-1,1
CTCCAACTCCCAGGAC-1,1
CTCCAACTCCCATTTA-1,1
CTCCACAAGCTTTCCC-1,1
CTCCACAGTACCTTCC-1,1
CTCCACATCAAGGACG-1,1
CTCCATGAGACAGCTG-1,25
CTCCATGAGCTTCTAG-1,2
CTCCATGAGGTACAAT-1,1
CTCCATGGTGTTGACT-1,11
CTCCATGTCATCGTAG-1,41
CTCCATGTCGTCGATA-1,46
CTCCCAAAGACTTCCA-1,1
CTCCCAACACACAGCC-1,1
CTCCCAACAGTCCGTG-1,1
CTCCCAAGTGACTGTT-1,1
CTCCCAAGTTGAGTCT-1,1
CTCCCAATCAATCAGC-1,41
CTCCCAATCGAGCCAC-1,1
CTCCCTCAGAGAATCT-1,8
CTCCCTCAGCAACTTC-1,1
CTCCCTCAGCGCGTTC-1,33
CTCCCTCCACCGGAAA-1,64
CTCCCTCGTCCGGCAT-1,1
CTCCCTCGTGTAACGG-1,1
CTCCCTCGTTAACCTG-1,1
CTCCCTCGTTTACGAC-1,36
CTCCCTCTCAAACTCA-1,1
CTCCCTCTCATCGCTC-1,24
CTCCGATTCAAGTCGT-1,1
CTCCGATTCCTTTAGT-1,36
CTCCGATTCTTTCTAG-1,23
CTCCTCCAGAGCACTG-1,1
CTCCTCCCACAACGCC-1,1
CTCCTCCCAGAAGTGC-1,1
CTCCTCCCAGTGAGCA-1,1
CTCCTCCTCAATGCAC-1,1
CTCCTCCTCACCTCTG-1,41
CTCCTCCTCCGTGGCA-1,1
CTCCTCCTCCTTGGAA-1,1
CTCCTTTAGATGCTGG-1,74
CTCCTTTAGGAAGAAC-1,1
CTCCTTTAGGCCCACT-1,1
CTCCTTTAGTAATACG-1,1
CTCCTTTCAAGTGGAC-1,1
CTCCTTTCACCGTCTT-1,1
CTCCTTTCACGCACCA-1,1
CTCCTTTCACTGGATT-1,9
CTCCTTTGTATCACCA-1,1
CTCCTTTTCTACACTT-1,33
CTCCTTTTCTCGACGG-1,1
CTCGAGGAGAACTGAT-1,1
CTCGAGGAGCCTATTG-1,18
CTCGAGGAGGAAAGGT-1,33
CTCGAGGCATCCAACA-1,1
CTCTCAGAGACGGAAA-1,1
CTCTCAGCATACTGTG-1,1
CTCTCAGGTAAGTTGA-1,1
CTCTCAGGTACGTAGG-1,1
CTCTCAGGTGACCGAA-1,1
CTCTCAGGTTAAGCAA-1,26
CTCTCAGTCCCATTCG-1,1
CTCTCGAAGCGCCTTG-1,1
CTCTCGAAGTGAGTTA-1,1
CTCTCGACACGGCACT-1,1
CTCTCGAGTAAGCAAT-1,1
CTCTCGAGTACAGAGC-1,1
CTCTCGATCCATAGGT-1,16
CTCTCGATCCGCCTAT-1,2
CTCTGGTAGTAGGATT-1,3
CTCTGGTCAAGCTGAG-1,1
CTCTGGTTCCCAATAG-1,1
CTCTGGTTCGACCAAT-1,1
CTCTGGTTCGTCAGAT-1,1
CTGAATGAGCTCTATG-1,19
CTGAATGAGGATACGC-1,1
CTGAATGAGGATTCCT-1,1
CTGAATGAGGCGAACT-1,26
CTGAATGAGGTCCGAA-1,1
CTGAATGCACGCTATA-1,1
CTGAATGGTCGAATGG-1,1
CTGAATGGTGAACGGT-1,1
CTGAATGTCTAGGCCG-1,1
CTGAGGCAGAACTGAT-1,1
CTGAGGCCAGCGATTT-1,1
CTGAGGCGTTCAGCGC-1,19
CTGAGGCTCGGTCTAA-1,1
CTGATCCAGACGATAT-1,1
CTGATCCAGGGCAAGG-1,1
CTGATCCGTAGACAAT-1,2
CTGATCCGTCGCGTCA-1,11
CTGATCCTCCCTCTAG-1,35
CTGCAGGAGCCATTGT-1,27
CTGCATCAGCCGAACA-1,1
CTGCATCAGCGTCAAG-1,11
CTGCATCGTAAGATAC-1,1
CTGCATCGTAAGCTCT-1,23
CTGCATCTCAACCTTT-1,1
CTGCATCTCTACCACC-1,1
CTGCCATCAACCACGC-1,1
CTGCCATCACAACGTT-1,1
CTGCCATCACTACTTT-1,1
CTGCCATGTCACGACC-1,2
CTGCCATGTCGAAACG-1,3
CTGCCATGTGCCTTTC-1,1
CTGCCATTCAGTGTTG-1,44
CTGCCATTCGGAACTT-1,43
CTGCCTAAGAAACCAT-1,1
CTGCCTAAGACTCATC-1,1
CTGCCTAAGCTACAAA-1,1
CTGCCTACAAGACTGG-1,17
CTGCCTACACACGGTC-1,1
CTGCCTAGTATCCTTT-1,1
CTGCCTATCTCCAATT-1,1
CTGCCTATCTTGATTC-1,29
CTGCGAGAGATTAGAC-1,21
CTGCGAGAGTGCACTT-1,43
CTGCGAGCAACTTGCA-1,1
CTGCGAGCAGATTAGA-1,1
CTGCGAGCAGATTCGT-1,37
CTGCGAGGTAGGTTTC-1,14
CTGCGAGGTCCAGCGT-1,3
CTGCGAGTCCCATACC-1,1
CTGCGAGTCGTCGACG-1,1
CTGCTCACAGCGTTTA-1,61
CTGCTCAGTAGAGTTA-1,1
CTGGACGAGACCTTTG-1,1
CTGGACGAGGTCATCT-1,1
CTGGACGCAACGATTC-1,50
CTGGACGCACACGGTC-1,34
CTGGACGGTAGTCACT-1,1
CTGGACGGTCACTCTC-1,1
CTGGACGGTCCGGTCA-1,1
CTGGACGGTTCCCAAA-1,39
CTGGACGTCTCATTTG-1,61
CTGGCAGAGAATGTTG-1,1
CTGGCAGCACTGTCGG-1,1
CTGGCAGCAGTCGAGA-1,1
CTGGCAGGTAACGATA-1,1
CTGGCAGGTCACGTGC-1,2
CTGGCAGGTTGCAAGG-1,5
CTGGCAGTCGCACGAC-1,1
CTGGCAGTCGTCTCAC-1,24
CTGGTCTAGACGCCAA-1,1
CTGGTCTAGGAGCTGT-1,1
CTGGTCTCAAGGATGC-1,1
CTGGTCTGTAGGAGGG-1,1
CTGGTCTGTGCAGTGA-1,1
CTGGTCTGTTACAGCT-1,1
CTGGTCTTCATTCGTT-1,1
CTGTACCCACAACGTT-1,1
CTGTACCCATTGAGCT-1,1
CTGTAGAAGGCACTAG-1,1
CTGTAGACAGACACCC-1,1
CTGTATTAGATCCTAC-1,1
CTGTATTAGCAGGCTA-1,1
CTGTCGTAGAACAGGA-1,1
CTGTCGTAGCTGGCCT-1,34
CTGTCGTCAAGACCGA-1,1
CTGTCGTCACAAATAG-1,1
CTGTCGTTCACTCACC-1,1
CTGTGAAAGGAACGCT-1,20
CTGTGAACATGGTACT-1,1
CTGTGAATCATCGCTC-1,15
CTGTGGGAGACATACA-1,1
CTGTGGGAGACCAAGC-1,1
CTGTGGGAGCGCACAA-1,1
CTGTGGGCAAAGGCGT-1,1
CTGTGGGGTCACCGAC-1,1
CTGTGGGGTCGTGATT-1,44
CTGTGGGGTGACGTCC-1,1
CTGTGGGGTGCTCTTC-1,1
CTGTGGGTCAAGCCAT-1,1
CTGTGGGTCGCTGTTC-1,2
CTGTGGGTCTCTCCGA-1,1
CTTACCGAGTGGAAAG-1,1
CTTACCGCAATGTTGC-1,1
CTTACCGCATGTGGTT-1,12
CTTACCGGTTCTGACA-1,1
CTTACCGGTTTCTTAC-1,3
CTTAGGAGTCTGTGGC-1,19
CTTAGGATCTCCGTGT-1,2
CTTCAATAGAAGCTGC-1,1
CTTCAATCAAAGGCGT-1,1
CTTCAATCAGTCAGCC-1,1
CTTCAATGTCACTTCC-1,1
CTTCAATGTTGGACTT-1,31
CTTCAATTCGAGAGCA-1,5
CTTCCGACAGCTGTTA-1,1
CTTCCGAGTTCAAGTC-1,1
CTTCCGAGTTCTAAGC-1,1
CTTCCTTAGAGGTATT-1,1
CTTCCTTGTATAGGAT-1,1
CTTCGGTAGACGAAGA-1,1
CTTCGGTCACGTTCGG-1,24
CTTCGGTTCCAAGAGG-1,22
CTTCGGTTCCCTATTA-1,1
CTTCTAAAGTCACTGT-1,1
CTTCTAACAACAAGAT-1,1
CTTCTAATCCCTAGGG-1,1
CTTCTAATCGCGGACT-1,1
CTTCTCTCAACCAGAG-1,1
CTTCTCTTCCGTTTCG-1,1
CTTCTCTTCCTACAAG-1,27
CTTGAGAAGAATTGCA-1,37
CTTGAGAGTTAAACAG-1,1
CTTGAGATCCATGCAA-1,1
CTTGAGATCCCATGGG-1,1
CTTGAGATCCCGAGGT-1,8
CTTGAGATCGGTGAAG-1,1
CTTGAGATCGTTGCCT-1,1
CTTGATTAGCCTGCCA-1,1
CTTGATTAGGTAGGCT-1,19
CTTTCAACAGTTACCA-1,1
CTTTCAAGTCAGGTGA-1,1
CTTTCAAGTGTCATGT-1,1
CTTTCAATCACAAGGG-1,1
CTTTCAATCGGCTCTT-1,1
CTTTCGGGTGCGTCGT-1,2
CTTTCGGTCATTATCC-1,1
CTTTCGGTCCGATCTC-1,1
CTTTCGGTCGCTAGCG-1,1
GAAACCTAGGAGGTTC-1,17
GAAACCTGTATAGCTC-1,1
GAAACCTGTGACTCTA-1,1
GAAACCTTCATTTCGT-1,1
GAAATGAAGAACTCCT-1,1
GAAATGAAGATACCAA-1,1
GAAATGAAGCTACTGT-1,1
GAAATGACAAAGTATG-1,2
GAAATGACAATACCTG-1,1
GAAATGAGTGAGCGAT-1,1
GAAATGATCTCGCAGG-1,1
GAACACTAGTTGGCTT-1,1
GAACACTCACGTAGTT-1,1
GAACACTGTTCAAGTC-1,1
GAACACTGTTGGACTT-1,31
GAACACTTCCATATGG-1,1
GAACACTTCCCTCGTA-1,1
GAACACTTCGCCCAGA-1,1
GAACACTTCTGGTGCG-1,1
GAACGTTGTCAGGAGT-1,20
GAACGTTGTGACTCGC-1,2
GAACGTTGTGTCACAT-1,1
GAACTGTAGCATAGGC-1,1
GAACTGTAGGGAGGCA-1,1
GAACTGTCATCGAACT-1,32
GAACTGTTCTCAAAGC-1,41
GAAGAATAGGTACAAT-1,33
GAAGAATGTCTGATAC-1,1
GAAGAATGTGTTCCAA-1,1
GAAGAATGTTAAGGAT-1,1
GAAGAATTCCTATTGT-1,1
GAAGCCCAGTTGGCGA-1,9
GAAGCCCCACGCAGTC-1,1
GAAGCCCCAGGAACCA-1,69
GAAGCCCTCTCATGGA-1,1
GAAGCCCTCTCATTTG-1,1
GAAGCGAAGTAAACAC-1,1
GAAGCGACAGAATGTA-1,1
GAAGCGACAGAGGCAT-1,1
GAAGCGACATCATCTT-1,1
GAAGCGAGTATGCTTG-1,1
GAAGCGATCAGTAGGG-1,23
GAAGCGATCCGAAGGA-1,1
GAAGGACAGAAGCGCT-1,1
GAAGGACAGCTACAAA-1,1
GAAGGACCACGTGTGC-1,1
GAAGGACCAGCCTATA-1,1
GAAGGACGTCTGCCTT-1,38
GAAGGACGTTACCTTT-1,1
GAAGGACGTTCTATCT-1,1
GAAGGACTCGACCTAA-1,1
GAAGGGTGTAGTGATA-1,1
GAAGGGTGTGTGTTTG-1,1
GAAGGGTTCCTTCTGG-1,1
GAAGGGTTCGACATAC-1,1
GAAGGGTTCGCAGATT-1,11
GAAGTAAGTATGGGAC-1,1
GAAGTAAGTCTAGATC-1,25
GAATAGAAGGAGAGGC-1,1
GAATAGAGTTGTGGCC-1,1
GAATAGATCAACTGGT-1,1
GAATAGATCGAAGGAC-1,1
GAATAGATCTACGGTA-1,1
GAATCACAGCCGATAG-1,1
GAATCACAGGAGCAAA-1,1
GAATCACAGTAGGATT-1,1
GAATCACCACGTACTA-1,1
GAATCACCACTGTCGG-1,1
GAATCACCAGTGGTGA-1,33
GAATCGTGTGTTAACC-1,1
GAATCGTTCCTCACCA-1,1
GACACGCAGCCAGGAC-1,1
GACACGCCAGCACCCA-1,1
GACACGCCAGTCCGTG-1,11
GACACGCGTAATCAAG-1,2
GACACGCGTATTTCGG-1,1
GACACGCGTTCCAAAC-1,37
GACACGCTCACAGAGG-1,1
GACACGCTCGCTATTT-1,1
GACAGCCCAGCGTGCT-1,1
GACAGCCCATCCGGTG-1,1
GACAGCCCATGACAGG-1,1
GACAGCCGTATCGTGT-1,29
GACATCAAGGGTTAAT-1,1
GACATCACAAATGAGT-1,1
GACATCAGTAACGATA-1,4
GACATCATCACAAGGG-1,1
GACCAATCAGCCGGTT-1,1
GACCCAGAGTCGAAGC-1,1
GACCCTTCAGCGTATT-1,66
GACCCTTCATCATCTT-1,27
GACCCTTCATCGGAAG-1,1
GACCCTTGTGAACCGA-1,1
GACCCTTGTTGGGATG-1,1
GACCCTTTCGATTCCC-1,1
GACCGTGAGATAACAC-1,1
GACCGTGCACAGTCCG-1,1
GACCGTGGTACTCGCG-1,1
GACCGTGGTCAGGTAG-1,1
GACCGTGTCATGAAAG-1,1
GACCTTCAGTGCGACA-1,1
GACCTTCCACCTGCGA-1,27
GACCTTCGTATCAGCT-1,1
GACCTTCGTCGAGCTC-1,24
GACCTTCGTCTGTTAG-1,1
GACGCTGAGTATGAGT-1,1
GACGCTGAGTTGGACG-1,2
GACGCTGCAGAGTAAT-1,1
GACGCTGGTCTGTCAA-1,1
GACGCTGGTGCATGTT-1,1
GACGCTGGTTTAGTCG-1,1
GACGTTAAGTCTTGGT-1,1
GACGTTAGTCACTCGG-1,3
GACGTTATCCAAGGGA-1,1
GACTATGCAAACTAGA-1,1
GACTATGCAACTTGGT-1,1
GACTATGCAGTCCCGA-1,15
GACTATGCATCATTGG-1,39
GACTATGTCAACCGAT-1,1
GACTATGTCCAAGGGA-1,35
GACTATGTCCTGCCAT-1,1
GACTCAAAGGCTCTCG-1,1
GACTCAAAGGTCATCT-1,1
GACTCAAAGTCCTACA-1,1
GACTCAACACTCTCGT-1,1
GACTCAATCTAGTGAC-1,11
GACTCAATCTCCCAAC-1,41
GACTCAATCTCCCAGC-1,1
GACTCTCAGATGCTTC-1,1
GACTCTCGTAGCGAGT-1,1
GACTCTCGTGGTTCTA-1,1
GACTCTCTCAGACCGC-1,1
GACTCTCTCCCATGGG-1,1
GACTCTCTCGAATGCT-1,1
GACTGATAGATCCAAA-1,1
GACTGATGTTCACGAT-1,1
GACTGATTCATCCTAT-1,15
GACTGATTCTCGTCGT-1,1
GACTTCCAGCTGCCAC-1,1
GACTTCCTCCTCTAGC-1,38
GACTTCCTCCTGTACC-1,1
GAGAAATCAGATACCT-1,1
GAGAAATCAGTCGGTC-1,1
GAGAAATCATTGGATC-1,37
GAGAAATGTGCGACAA-1,1
GAGAAATGTGTAGCAG-1,1
GAGAAATGTGTCTTCC-1,1
GAGACCCAGTAGGATT-1,58
GAGACCCTCGAGAAGC-1,1
GAGACTTAGCAACCAG-1,1
GAGACTTAGTCACTCA-1,41
GAGACTTCAGGCTATT-1,29
GAGACTTGTCCGGACT-1,1
GAGACTTGTGGCCACT-1,1
GAGACTTTCGTTCTCG-1,1
GAGAGGTGTAATCAAG-1,1
GAGAGGTGTCTCACGG-1,1
GAGAGGTTCATAGACC-1,39
GAGAGGTTCGAAACAA-1,1
GAGATGGCATGATGCT-1,1
GAGATGGCATGTAACC-1,22
GAGATGGGTCTCGGAC-1,1
GAGATGGTCGAAACAA-1,2
GAGCCTGAGCGCACAA-1,7
GAGCCTGAGGCAGCTA-1,64
GAGCCTGCAATTGAGA-1,1
GAGCCTGCAGTCTCTC-1,31
GAGCCTGCATCCAACA-1,1
GAGCCTGGTCCACGCA-1,33
GAGCTGCAGGTGCAGT-1,1
GAGCTGCGTCGGATTT-1,24
GAGCTGCGTCTAATCG-1,1
GAGCTGCTCTGGAAGG-1,1
GAGGCAAAGTCACGAG-1,33
GAGGCAACAGAGGTAC-1,1
GAGGCAACATCCTGTC-1,1
GAGGCAATCTTCCCAG-1,1
GAGGCCTTCAAACGTC-1,1
GAGGCCTTCTCTCTTC-1,1
GAGGGATAGACCCGCT-1,1
GAGGGATCACTTGGCG-1,34
GAGGGATGTTCGGTTA-1,1
GAGGGTACAGTTTCAG-1,40
GAGGGTAGTCAACACT-1,41
GAGGGTAGTCACTGAT-1,1
GAGGGTAGTTCATCTT-1,1
GAGGGTATCCTTATGT-1,1
GAGGGTATCTGTCCCA-1,32
GAGTCATAGGGTTGCA-1,25
GAGTCATGTGAGTTGG-1,1
GAGTCTAAGACTCTAC-1,1
GAGTCTAAGGTGCGAT-1,1
GAGTCTAAGTGCGTCC-1,1
GAGTCTACAAAGTATG-1,1
GAGTCTACAATCCAGT-1,1
GAGTCTACAGCTGTAT-1,1
GAGTGAGAGCACCGTC-1,1
GAGTGAGAGGCTTCCG-1,1
GAGTGAGGTCGGCTAC-1,29
GAGTGTTCACAAGCTT-1,18
GAGTGTTGTACGTAGG-1,23
GAGTGTTGTGGCACTC-1,1
GAGTGTTGTGTCATTG-1,1
GAGTGTTTCAAAGGAT-1,1
GAGTGTTTCGCTGATA-1,1
GAGTTACAGACGACGT-1,30
GAGTTACTCATTCGGA-1,1
GAGTTGTAGCGTTACT-1,50
GAGTTGTAGCGTTCAT-1,1
GAGTTGTAGTGCGTCC-1,10
GAGTTGTAGTGGACTG-1,2
GAGTTGTAGTTACTGT-1,1
GAGTTGTCAAGAGTAT-1,1
GAGTTGTCACGGTGCT-1,31
GAGTTGTCAGACCCGT-1,1
GAGTTGTCAGTTCACA-1,1
GAGTTGTCATTGGGAG-1,1
GAGTTTGAGCTCATAC-1,1
GAGTTTGGTGCGGTAA-1,1
GATAGAAAGTGTTGTC-1,2
GATAGAACAAGACGAC-1,1
GATAGAAGTCTTAGTG-1,1
GATAGCTGTAGGCAGT-1,1
GATAGCTGTCCATACA-1,1
GATAGCTGTCGGAAAC-1,45
GATAGCTGTCTGTTAG-1,21
GATAGCTGTTCATCGA-1,1
GATAGCTTCACGGACC-1,1
GATAGCTTCGTGCAGC-1,10
GATCACAAGATCGCTT-1,1
GATCACAAGGATGTTA-1,1
GATCACACACCCTGTT-1,264
GATCACACACTGTTAG-1,1
GATCACATCCACAAGT-1,2
GATCAGTAGAGAGTTC-1,1
GATCAGTAGCACTCGC-1,1
GATCAGTAGGAACATT-1,29
GATCAGTAGTGCGCTC-1,44
GATCAGTCATTGTGCA-1,1
GATCAGTGTTACAGCT-1,34
GATCATGAGACATCAA-1,1
GATCATGAGGCCTAAG-1,40
GATCATGGTAGCTTAC-1,1
GATCATGTCCGTTTCG-1,1
GATCCCTAGAGGATGA-1,21
GATCCCTAGCTGAGTG-1,1
GATCCCTGTAATTAGG-1,33
GATCCCTTCCATAGGT-1,1
GATCGTACAAATGATG-1,2
GATCGTACACCGTCTT-1,1
GATCGTACAGCGCGTT-1,35
GATCGTAGTCTAACGT-1,1
GATCGTATCTCTGGTC-1,24
GATGACTAGAGGTTAT-1,8
GATGACTAGCGAACTG-1,1
GATGACTAGGTGATAT-1,1
GATGACTGTTAGGGTG-1,1
GATGACTTCGTGGCGT-1,35
GATGACTTCTCTAGGA-1,31
GATGAGGCAAATGCGG-1,19
GATGAGGCAAGAATGT-1,1
GATGAGGCACAGTCAT-1,1
GATGAGGCACTAGGCC-1,1
GATGAGGGTCGTATTG-1,1
GATGATCGTATGGAAT-1,18
GATGATCGTGTAACGG-1,17
GATGCTAAGCTCGCAC-1,1
GATGCTAGTACAGGTG-1,24
GATGCTAGTAGCCAGA-1,1
GATGCTATCCTACGAA-1,30
GATGGAGAGCCAGACA-1,61
GATGGAGAGCCGCACT-1,1
GATGGAGAGGCTAAAT-1,1
GATGGAGCACTTGAAC-1,52
GATGGAGCAGTGTACT-1,1
GATGGAGTCCCTGGTT-1,1
GATGGAGTCCGTGCGA-1,1
GATGGAGTCGATGCTA-1,1
GATGGAGTCTGCGGCA-1,27
GATGGAGTCTTCCAGC-1,17
GATGTTGAGGGCAACT-1,1
GATGTTGCACTCCTTG-1,1
GATGTTGCAGAGGCAT-1,1
GATGTTGTCCGAGCTG-1,1
GATTCGAGTACCATAC-1,1
GATTCGAGTACGCGTC-1,1
GATTCGAGTCGCACGT-1,8
GATTCGATCGGCTGTG-1,1
GATTCTTCAAGATGTA-1,1
GATTCTTCAGAGGACT-1,1
GATTCTTGTACAGTCT-1,34
GATTCTTGTAGCTTAC-1,1
GATTCTTGTTCCCACT-1,1
GATTGGTAGAGTTGAT-1,1
GATTGGTAGGCTGGAT-1,19
GATTGGTCATGCTGCG-1,8
GATTGGTGTATCGCAT-1,1
GATTGGTGTTGAGAGC-1,20
GATTTCTCAAGTGGGT-1,37
GATTTCTCAGGGCTTC-1,1
GATTTCTGTCGTCGGT-1,13
GATTTCTTCCTTCAGC-1,37
GATTTCTTCGTTCATT-1,1
GCAACATAGATGTTGA-1,1
GCAACATCAAATTGCC-1,1
GCAACATCACTTGAGT-1,1
GCAACATTCTTTGCTA-1,1
GCAACCGAGACTACCT-1,1
GCAACCGAGGTGGGTT-1,1
GCAACCGCATTCAGCA-1,1
GCAACCGTCATTTCCA-1,36
GCAACCGTCCTCGATC-1,1
GCAACCGTCGAACGGA-1,21
GCAACCGTCGCGTGCA-1,2
GCACATACAACGATTC-1,1
GCACATACATCTCCCA-1,1
GCACATAGTATGAGGC-1,1
GCACATAGTGCAACGA-1,1
GCACGGTAGACTGTTC-1,1
GCACGGTAGTAGTCTC-1,29
GCACGGTAGTTCCGGC-1,1
GCACGGTCAAAGGCGT-1,1
GCACGGTCAAGAGATT-1,1
GCACGGTCACCCAACG-1,31
GCACGGTGTGAGATAT-1,1
GCACGGTTCGGTCATA-1,1
GCACGTGCAGAAGTTA-1,1
GCACGTGGTCCATAGT-1,1
GCACGTGGTTTAGACC-1,1
GCACGTGTCAGACATC-1,25
GCACTAAAGAATCGAT-1,1
GCACTAAAGGTATCTC-1,1
GCACTAATCGCGTGCA-1,5
GCACTAATCTCTCCGA-1,1
GCAGCCAAGAGGTCAC-1,22
GCAGCCAAGCAACCAA-1,1
GCAGCCAAGTCGGGAT-1,1
GCAGCCACACAAATAG-1,1
GCAGCCACATACATCG-1,29
GCAGCCAGTCATATGC-1,1
GCAGCCAGTTGCGTAT-1,40
GCAGCCATCACCGGGT-1,29
GCAGCTGCAAAGCTAA-1,1
GCAGCTGCAAATAAGC-1,1
GCAGCTGCATGTACGT-1,1
GCAGCTGGTAAGTTAG-1,56
GCAGCTGGTGGGTCAA-1,28
GCAGCTGGTTGTTGAC-1,1
GCAGCTGTCAAAGCCT-1,52
GCAGCTGTCCATGAGT-1,1
GCAGCTGTCCTAAACG-1,1
GCAGCTGTCCTTCTGG-1,41
GCAGGCTTCCAATGCA-1,1
GCAGTTACACATTCTT-1,13
GCAGTTATCTATTTCG-1,1
GCAGTTATCTCTCTTC-1,62
GCATCGGGTAACGATA-1,59
GCATCTCCAATTCGTG-1,1
GCATCTCGTCTGTCCT-1,1
GCATCTCTCACTTATC-1,1
GCATGATAGCAAATGT-1,3
GCATGATAGTAACGAT-1,1
GCATGATGTACGCTTA-1,1
GCATGATGTCGAGTGA-1,1
GCATGATGTCGCCTAG-1,1
GCATGATTCATGGAGG-1,1
GCATTAGAGTGGTTAA-1,1
GCATTAGCATACTTTC-1,1
GCATTAGGTCGCATGC-1,1
GCATTAGTCCAAGCAT-1,1
GCCAACGCAAGTACCT-1,1
GCCAACGCAGAACATA-1,1
GCCAACGGTAAGACCG-1,1
GCCAACGGTACGCGTC-1,3
GCCAACGGTAGTACGG-1,1
GCCAACGTCCGGTTCT-1,1
GCCAACGTCCGTGCGA-1,1
GCCAACGTCTAACGCA-1,32
GCCAACGTCTCAAAGC-1,1
GCCAACGTCTGCATAG-1,33
GCCAGCAAGGTGCCAA-1,1
GCCAGCACAGAGGGTT-1,1
GCCAGCACATATTCGG-1,1
GCCAGCATCTACTCAT-1,1
GCCAGGTCAAAGAACT-1,1
GCCAGGTGTCACTCTC-1,1
GCCAGGTGTTAGAAAC-1,52
GCCAGTGAGCACTAAA-1,1
GCCAGTGAGTCCTACA-1,16
GCCAGTGAGTTCATGC-1,1
GCCAGTGGTTCTCGCT-1,1
GCCAGTGTCTAGCAAC-1,1
GCCATGGAGACTCATC-1,1
GCCATGGCAGTTAGGG-1,3
GCCATGGCAGTTCTAG-1,1
GCCATGGTCGTAACTG-1,1
GCCATGGTCTCGGTAA-1,1
GCCATTCCAGGTATGG-1,1
GCCCAGACAGCATTGT-1,1
GCCCGAACATCCGTGG-1,1
GCCCGAAGTCTCACAA-1,1
GCCCGAAGTGACTGTT-1,1
GCCCGAATCCTGTTAT-1,1
GCCGATGAGGCGAAGG-1,19
GCCGATGAGTAACCTC-1,24
GCCGATGAGTCACTCA-1,1
GCCGATGCAGAGTTGG-1,1
GCCGATGCATCTTTCA-1,38
GCCGTGACAACGACTT-1,16
GCCGTGACATGCCGGT-1,26
GCCGTGAGTTGCACGC-1,1
GCCTGTTAGGCAATGC-1,1
GCCTGTTCACAGTCAT-1,38
GCCTGTTGTATCGTAC-1,1
GCCTGTTGTCACGCTG-1,1
GCGAGAAAGTTGTAGA-1,53
GCGAGAATCCTCAGAA-1,28
GCGATCGTCAACGAGG-1,1
GCGGAAAGTACATACC-1,1
GCGGAAAGTCTGTTAG-1,1
GCGGAAAGTGTGTCCG-1,31
GCGGAAAGTGTTTACG-1,1
GCGGAAATCCATTTAC-1,1
GCGGATCAGCAACTTC-1,21
GCGGATCAGTGAACAT-1,1
GCGGATCCACCCTATC-1,1
GCGGATCCACGCGTGT-1,1
GCGGATCCAGGCTATT-1,1
GCGGATCCATCCGTGG-1,1
GCGGATCTCGGTTAGT-1,1
GCGTGCAAGCCGGATA-1,1
GCGTGCAGTAGGAGTC-1,1
GCGTGCATCCTACGAA-1,1
GCGTGCATCTGTCGTC-1,1
GCGTTTCAGTCTAGCT-1,12
GCTACAAAGGTACAAT-1,1
GCTACAAAGTCACTCA-1,1
GCTACAACACTGTGAT-1,2
GCTACAAGTCAGCTTA-1,15
GCTACCTAGGCCTGAA-1,1
GCTACCTCAACCCTAA-1,1
GCTACCTCACGCACCA-1,43
GCTACCTCAGAGGAAA-1,1
GCTACCTGTCATGACT-1,1
GCTACCTGTCCTACAA-1,40
GCTACCTGTGAGACGT-1,1
GCTACCTTCTTGATTC-1,1
GCTCAAAAGCTCGGCT-1,1
GCTCAAACAAGTGGAC-1,1
GCTCAAAGTGTGCCTG-1,1
GCTCAAATCGAAACAA-1,2
GCTGAATAGCACTCTA-1,37
GCTGAATCACACGGAA-1,35
GCTGAATTCGTTAGTG-1,50
GCTGAATTCTTACCGC-1,1
GCTGCAGAGGGCAGAG-1,39
GCTGCAGAGGTTATAG-1,1
GCTGCAGCACACGGTC-1,1
GCTGCAGGTAAGTTGA-1,1
GCTGCAGGTCCAAATC-1,1
GCTGCAGGTGCTGATT-1,24
GCTGCAGGTTGACGGA-1,24
GCTGGGTAGTACAACA-1,28
GCTGGGTCAAGAATAC-1,1
GCTGGGTCATAAGCAA-1,1
GCTGGGTTCGTTGTGA-1,1
GCTTCACCAACACGAG-1,79
GCTTCACCAACCCGCA-1,1
GCTTCACGTTCCATTT-1,1
GCTTCACTCATATGGC-1,1
GCTTGGGAGAAGGTAG-1,61
GCTTGGGAGGCTGTAG-1,1
GCTTGGGGTAGCTTAC-1,1
GCTTGGGGTTCCTAGA-1,1
GCTTGGGTCTAGATCG-1,1
GCTTTCGAGCGACTGA-1,1
GCTTTCGAGTGCAAAT-1,40
GCTTTCGGTGTTCGTA-1,1
GCTTTCGGTTCGGGTC-1,20
GCTTTCGTCAGGTAAA-1,1
GCTTTCGTCCGGTAGC-1,37
GCTTTCGTCTGGGTCG-1,59
GGAACCCAGCCATTTG-1,49
GGAACCCCATAGTCAC-1,1
GGAACCCCATATTCGG-1,1
GGAACCCCATCGATCA-1,1
GGAACCCTCTAATTCC-1,38
GGAACCCTCTGTCGTC-1,1
GGAAGTGCAACCCTCT-1,22
GGAATCTCAAACTGCT-1,40
GGAATCTCACCCTGAG-1,1
GGAATCTCAGATCCTA-1,1
GGAATCTTCAATCCCT-1,1
GGAATCTTCAATCTCT-1,47
GGAATCTTCATCTCTA-1,1
GGAATGGAGGACTAAT-1,48
GGAATGGCACGACGCT-1,15
GGAATGGCAGATACTC-1,1
GGAATGGGTGCACATT-1,1
GGACGTCCAATAGGGC-1,1
GGACGTCGTTCAACGT-1,53
GGACGTCTCCCTCGAT-1,1
GGAGAACGTGCCCACA-1,11
GGAGAACGTTTACTTC-1,1
GGAGAACTCGGTTAGT-1,1
GGAGATGGTAGTCGTT-1,1
GGAGCAAAGGTGCTTT-1,1
GGAGCAATCCAATGCA-1,1
GGAGCAATCCCGAACG-1,1
GGAGGATGTATGAAAC-1,26
GGAGGATGTCAACACT-1,1
GGAGGATTCCGTATGA-1,1
GGAGGTAAGGCGTTGA-1,37
GGAGGTACAAAGCAAT-1,1
GGAGGTACACAACGCC-1,1
GGAGGTACATAGAGGC-1,1
GGAGGTACATCATCCC-1,1
GGAGGTAGTATCTTCT-1,1
GGAGGTAGTCACTCTC-1,1
GGAGGTATCTGGTGCG-1,12
GGATCTAAGCAATGCA-1,1
GGATCTAAGCAATTCC-1,6
GGATCTAGTCGATTAC-1,1
GGATCTAGTCGATTCA-1,3
GGATCTAGTGCCTGCA-1,1
GGATCTATCACCTACC-1,39
GGATCTATCATAAGGA-1,19
GGATCTATCCGCCTAT-1,1
GGATCTATCGGCCTTT-1,1
GGATGTTAGCCGGATA-1,24
GGATGTTCATGACGAG-1,1
GGATGTTTCCAAGCTA-1,1
GGCACGTAGCGTCAAG-1,1
GGCACGTAGGCCCGTT-1,18
GGCACGTGTATCAAGA-1,1
GGCACGTGTCGTAATC-1,1
GGCAGTCAGAGCCATG-1,1
GGCAGTCAGGGTTGCA-1,1
GGCAGTCCATCACGGC-1,1
GGCAGTCGTATAATGG-1,1
GGCAGTCGTGAGATAT-1,1
GGCAGTCTCCCATAGA-1,1
GGCAGTCTCTCCTGAC-1,1
GGCGTCAAGGCTCCCA-1,2
GGCGTCACAATGTTGC-1,1
GGCGTCACACTGGCGT-1,1
GGCGTCACAGCGGTTC-1,2
GGCGTCACATTGTGCA-1,21
GGCGTCAGTCTCACGG-1,1
GGCGTCAGTTCTCTCG-1,1
GGCTGTGCAAAGCTAA-1,6
GGCTGTGCACCCAAGC-1,1
GGCTGTGCACGGTGAA-1,27
GGCTGTGGTACCTAGT-1,1
GGCTGTGGTCCACATA-1,13
GGCTGTGGTTCTAACG-1,1
GGCTTGGAGGTTACAA-1,1
GGCTTGGAGTAGATCA-1,1
GGCTTGGCAACGCCCA-1,1
GGCTTGGCACCGAATT-1,25
GGCTTGGCAGCTTTCC-1,1
GGCTTGGCATCCGTTC-1,1
GGCTTGGGTAGATCGG-1,23
GGCTTGGGTCTAGATC-1,1
GGCTTGGTCGAAGCAG-1,1
GGCTTGGTCTAACACG-1,1
GGCTTGGTCTTCTTCC-1,13
GGCTTTCAGACGCAGT-1,1
GGCTTTCCAAGTTGGG-1,1
GGGAAGTGTTGCCTAA-1,1
GGGACAAAGTACGTCT-1,1
GGGACAAAGTGCAGCA-1,1
GGGACAACATTAAAGG-1,1
GGGACAATCCGATCTC-1,54
GGGACCTGTACGCTTA-1,1
GGGACCTGTCAGTCCG-1,1
GGGACCTGTTAGGGAC-1,24
GGGACCTGTTCTTGTT-1,34
GGGACTCCACATATCG-1,38
GGGACTCCACGGGCTT-1,56
GGGACTCCATACTGTG-1,1
GGGACTCCATTGGATC-1,2
GGGACTCGTAAGGAGA-1,1
GGGACTCGTTAGGCCC-1,1
GGGACTCTCAGAACCT-1,1
GGGACTCTCATAGGCT-1,1
GGGACTCTCCGATGTA-1,1
GGGAGATCACGGGTAA-1,26
GGGAGATCATGCAGGA-1,3
GGGAGATTCACGGACC-1,24
GGGAGTAAGCAGGCAT-1,30
GGGAGTAAGTACAACA-1,1
GGGAGTAGTTCCGCTT-1,1
GGGAGTAGTTGTAAAG-1,1
GGGAGTATCACCTCGT-1,12
GGGAGTATCGTGGACC-1,1
GGGAGTATCTTAGCCC-1,30
GGGATCCAGATCGGTG-1,1
GGGATCCAGCAGTCTT-1,1
GGGATCCAGGGCAATC-1,33
GGGATCCGTGTTAACC-1,1
GGGATCCTCCTCTAGC-1,1
GGGATGAAGCTGCGAA-1,1
GGGATGAAGGGAGGGT-1,29
GGGATGAAGTCCCGAC-1,58
GGGATGAGTCAAAGAT-1,1
GGGATGATCCTGATAG-1,1
GGGATGATCGTAGCTA-1,1
GGGCCATAGACGGTCA-1,1
GGGCCATGTCAGGTGA-1,1
GGGCCATTCAGACCGC-1,36
GGGCCATTCTTAGGAC-1,1
GGGCGTTAGAGCAGTC-1,1
GGGCGTTCAGCAGTGA-1,1
GGGCGTTCATCCGGTG-1,1
GGGCGTTTCACTCTTA-1,1
GGGCTACAGACCAAAT-1,25
GGGCTACAGAGCAACC-1,1
GGGCTACAGGCAGTCA-1,29
GGGCTACGTCTACAAC-1,1
GGGCTACTCTCCTACG-1,1
GGGCTACTCTTTCCGG-1,1
GGGCTCACAAATAAGC-1,1
GGGCTCACACCCTGTT-1,1
GGGCTCACACGTATAC-1,1
GGGCTCATCCAACTGA-1,1
GGGCTCATCGCAATTG-1,35
GGGTAGAAGTAGGGTC-1,25
GGGTAGATCACCTTGC-1,1
GGGTATTGTTGCCTAA-1,1
GGGTATTTCGTTGTTT-1,1
GGGTCACAGGCGCCAA-1,1
GGGTCACAGGTTACAA-1,1
GGGTCACCAGCATCTA-1,1
GGGTCACCAGGAGGTT-1,36
GGGTCACCATGGGTTT-1,1
GGGTCACGTCCTTAAG-1,45
GGGTCACGTGATTAAG-1,1
GGGTCACGTTGCAACT-1,1
GGGTCACTCAATCTCT-1,5
GGGTCACTCACAAGGG-1,37
GGGTCACTCGCCAGAC-1,1
GGGTCTGAGATGTTAG-1,1
GGGTCTGAGTCAACAA-1,3
GGGTCTGGTTTGAAAG-1,16
GGGTCTGTCCCGTTCA-1,24
GGGTGAAAGATGCTTC-1,1
GGGTGAAAGGTAGGCT-1,1
GGGTGAACATAAGCAA-1,32
GGGTGAAGTGAGGGTT-1,1
GGGTGTCAGTCTAGAA-1,1
GGGTGTCCACAGAGAC-1,1
GGGTGTCCACCGGAAA-1,2
GGGTGTCCATGAATAG-1,1
GGGTGTCGTTGCTCCT-1,1
GGGTGTCTCCTGTAAG-1,1
GGGTGTCTCGAAGGAC-1,1
GGGTTATCAGCCATTA-1,43
GGGTTATCATCTAGAC-1,1
GGGTTATTCTGGCCTT-1,1
GGGTTTACACAGAGCA-1,26
GGGTTTACACTAAACC-1,14
GGGTTTACAGCCTACG-1,1
GGGTTTATCCGTGACG-1,1
GGGTTTATCTCACGAA-1,1
GGTAACTAGTATGAAC-1,1
GGTAACTAGTATGCAA-1,1
GGTAACTGTACCTAGT-1,1
GGTAACTGTTCTAACG-1,1
GGTAACTTCAAACGTC-1,1
GGTAATCCAAAGGAGA-1,25
GGTAATCCACAGCATT-1,28
GGTAATCCAGACCTAT-1,1
GGTAATCCATACCACA-1,26
GGTAATCGTGCGTTTA-1,1
GGTAATCTCAACACCA-1,1
GGTAATCTCAAGTTGC-1,44
GGTAATCTCATCGCCT-1,1
GGTAGAGAGACCAGCA-1,28
GGTAGAGAGGTAGCCA-1,1
GGTAGAGGTCTCGGGT-1,1
GGTAGAGGTTAATCGC-1,1
GGTAGAGTCCTTATCA-1,1
GGTAGAGTCGACACCG-1,1
GGTAGAGTCGACCTAA-1,1
GGTCACGCAATGGCCC-1,39
GGTCACGCAATTGACC-1,1
GGTCACGCACAGTATC-1,1
GGTCACGCACCTTCCA-1,1
GGTCACGGTACTCGAT-1,1
GGTCACGGTAGAGTTA-1,1
GGTCACGGTCGCAGTC-1,1
GGTCACGGTCGTGATT-1,18
GGTCACGTCTTGGATG-1,1
GGTCTGGCACAACCGC-1,1
GGTCTGGCAGTATTCG-1,1
GGTCTGGGTATCGTAC-1,1
GGTCTGGGTCCCGTGA-1,1
GGTCTGGGTTGCCAAT-1,1
GGTCTGGGTTTACACG-1,1
GGTCTGGTCAGACATC-1,23
GGTCTGGTCTCCCAAC-1,39
GGTGAAGCACAAAGCG-1,1
GGTGAAGCACAAGCAG-1,2
GGTGAAGCACTACCGG-1,1
GGTGATTAGCTGTACT-1,23
GGTGATTAGGAGTACC-1,1
GGTGATTCACGGCACT-1,1
GGTGATTCAGCTCGGT-1,29
GGTGATTGTACAGGTG-1,1
GGTGATTGTGCATTAC-1,1
GGTGATTGTGTTTCTT-1,1
GGTGGCTAGCCTCAAT-1,1
GGTGGCTAGTGATTCC-1,1
GGTGGCTGTAGAATAC-1,1
GGTGGCTGTAGACACG-1,1
GGTGGCTGTGCGCTCA-1,20
GGTGGCTTCCGCACTT-1,1
GGTGGCTTCCGTGTAA-1,1
GGTGTCGAGCGGGTTA-1,1
GGTGTCGCAACGATCT-1,33
GGTGTCGGTGTTATCG-1,32
GGTGTCGGTTATGTGC-1,1
GGTGTCGTCTTAGCAG-1,1
GGTGTTAAGTTGCTGT-1,1
GGTGTTACAATAGAGT-1,1
GGTGTTACAGAACATA-1,1
GGTGTTACAGGATCTT-1,1
GGTGTTACATTGAAAG-1,1
GGTGTTAGTGGATTTC-1,103
GGTTAACCATGCGTGC-1,1
GGTTAACGTTTCTTAC-1,1
GGTTAACTCACTCACC-1,20
GGTTAACTCCCGAGAC-1,3
GGTTCTCAGGTGCCTC-1,1
GGTTCTCAGTATGAGT-1,1
GGTTCTCCAGGTTCCG-1,13
GGTTCTCGTCCGGTCA-1,1
GGTTCTCTCATTATCC-1,1
GGTTGTATCGAAGGAC-1,135
GGTTGTATCTCCCATG-1,1
GGTTGTATCTCTTGCG-1,1
GTAACACAGAAAGCGA-1,29
GTAACACAGACATCCT-1,1
GTAACACAGAGCCGTA-1,4
GTAACACAGCTCCGAC-1,70
GTAACACCAGTAGATA-1,1
GTAACACGTAGATGTA-1,20
GTAACACGTCATCTAG-1,1
GTAACACGTCCTCCTA-1,1
GTAACACGTGGCGTAA-1,9
GTAACCAAGAGGTTTA-1,1
GTAACCACATGCACTA-1,1
GTAACCAGTATTCTCT-1,1
GTAACCATCTGTGTGA-1,1
GTAACCATCTTCGTAT-1,1
GTAAGTCAGACCATGG-1,1
GTAAGTCAGAGGGTAA-1,1
GTAAGTCAGCTCTATG-1,1
GTAAGTCCAGCGGATA-1,1
GTAAGTCTCGATTGGT-1,35
GTAAGTCTCTTACCGC-1,1
GTAATCGCAGTTTCGA-1,29
GTAATCGGTTGCGAAG-1,35
GTAATCGGTTGGCTAT-1,1
GTAATGCCAACAACAA-1,1
GTAATGCCAATCGCGC-1,2
GTAATGCCACCAGTAT-1,39
GTAATGCCATAGAATG-1,1
GTAATGCGTAGGAGGG-1,5
GTACAACAGATAGCTA-1,48
GTACAACCAAGACAAT-1,1
GTACAACCATGGCTAT-1,1
GTACAACGTCATGCAT-1,2
GTACAACGTGTAACGG-1,1
GTACAACGTTCGTAAC-1,2
GTACAGTTCACTCGAA-1,1
GTACAGTTCCACTGAA-1,1
GTAGAAAAGCTTTCTT-1,1
GTAGAAACATGGACAG-1,19
GTAGAAAGTGAACCGA-1,2
GTAGAAATCTGAGATC-1,43
GTAGAGGCAACTTCTT-1,15
GTAGAGGCACGCGCTA-1,1
GTAGAGGCAGACCATT-1,1
GTAGATCAGGGAGTGG-1,1
GTAGATCAGGTGCCAA-1,1
GTAGATCAGTGGTGGT-1,1
GTAGATCCATCCCGTT-1,36
GTAGATCTCCCGAAAT-1,6
GTAGATCTCGAGAAAT-1,1
GTAGCTAAGACTGGGT-1,1
GTAGCTAAGTAAACTG-1,1
GTAGCTAAGTCATGAA-1,1
GTAGCTACACAGTCGC-1,1
GTAGCTAGTCCGGCAT-1,1
GTAGCTAGTTGGTAGG-1,1
GTAGCTATCTCATGGA-1,27
GTAGGAGCAATAGGAT-1,1
GTAGGAGCAGGCGTTC-1,1
GTAGGAGGTCAACCTA-1,2
GTAGGAGGTGCTAGCC-1,1
GTAGGAGTCCGTCACT-1,26
GTAGGTTCACAAGCTT-1,1
GTAGGTTCAGAAGCGT-1,17
GTAGGTTGTCATGACT-1,1
GTAGGTTGTGTTCGTA-1,26
GTAGGTTTCCATTTAC-1,1
GTAGGTTTCGTGGGAA-1,2
GTAGTACCACCCTATC-1,49
GTAGTACTCATGGCCG-1,1
GTAGTACTCTGTGTGA-1,60
GTATTGGGTACCATAC-1,1
GTATTGGGTGCCTAAT-1,1
GTATTGGGTTCTTGTT-1,1
GTATTGGTCAACTGAC-1,1
GTATTGGTCGACCCAG-1,1
GTATTTCAGAAGAGCA-1,22
GTATTTCAGAGAGCAA-1,2
GTATTTCAGATAGCAT-1,1
GTATTTCAGCCATTGT-1,1
GTATTTCCAACAGCTT-1,1
GTATTTCCACTTGTCC-1,1
GTATTTCTCCTTGACC-1,1
GTCAAACAGGTCTGGA-1,1
GTCAAACCAAGCACCC-1,37
GTCAAACCAAGTGACG-1,1
GTCAAACGTGGGCTTC-1,1
GTCAAACGTTTGGAGG-1,1
GTCAAACTCAATGCAC-1,7
GTCAAACTCGAAGTGG-1,1
GTCAAACTCGTTGCCT-1,1
GTCAAGTAGGAGTCTG-1,1
GTCAAGTCAATACCTG-1,34
GTCAAGTTCGTGTGAT-1,1
GTCACGGAGAAGCTGC-1,1
GTCACGGAGCGGGTTA-1,29
GTCACGGCAAGCCCAC-1,1
GTCACGGCACCGTACG-1,29
GTCACGGGTTAGGCTT-1,1
GTCACGGGTTGCAAGG-1,1
GTCACGGTCGCGAAGA-1,1
GTCACGGTCGTGACTA-1,1
GTCACTCAGCGCGTTC-1,3
GTCACTCAGTGCTAGG-1,1
GTCACTCCAGCTGTCG-1,1
GTCACTCCATTGGGAG-1,1
GTCACTCGTCCCTCAT-1,1
GTCACTCGTTAAACCC-1,1
GTCACTCTCGATGGAG-1,1
GTCACTCTCTTGAACG-1,37
GTCAGCGAGTGGTTAA-1,1
GTCAGCGTCCTTCTGG-1,1
GTCATCCAGCCTCAAT-1,1
GTCATCCAGGTAAGGA-1,1
GTCATCCCAGGTGGAT-1,1
GTCATGAAGACTCATC-1,11
GTCATGAAGTAAACGT-1,1
GTCATGAAGTTTGGCT-1,44
GTCATGACAATAACGA-1,1
GTCATGACAGGCGTTC-1,1
GTCATGACATTGGATC-1,13
GTCATGAGTCCAAGAG-1,1
GTCATTTAGAAGGCTT-1,1
GTCATTTAGATCCGAG-1,1
GTCATTTCAACACAAA-1,1
GTCATTTCAAGAGAGA-1,28
GTCATTTGTACGACTT-1,25
GTCATTTTCCTAGAGT-1,21
GTCCACTCAGTAGAAT-1,1
GTCCACTGTAGAATGT-1,1
GTCCCATAGACCAACG-1,1
GTCCCATAGCCTCCAG-1,1
GTCCCATCATGCCGAC-1,24
GTCCCATGTCTCGGAC-1,1
GTCCTCAAGACGGATC-1,1
GTCCTCAAGTCACGAG-1,21
GTCCTCACAAATTAGG-1,1
GTCCTCACAGGTCCCA-1,3
GTCCTCATCATACAGC-1,1
GTCGAATAGACCAGCA-1,1
GTCGAATAGCTTGTTG-1,1
GTCGAATAGGAGTATT-1,26
GTCGAATCACTCCGAG-1,1
GTCGAATCAGAACCGA-1,12
GTCGAATCATGAAGGC-1,1
GTCGAATGTACGACTT-1,1
GTCGAATGTCAAGCGA-1,23
GTCGCGAAGCAGCGAT-1,25
GTCGCGAAGGAACTCG-1,1
GTCGCGACATTAGGAA-1,1
GTCGCGAGTGTAAACA-1,3
GTCGCGAGTTTACCTT-1,19
GTCGTAAAGACTTCCA-1,1
GTCTACCAGCCTCAAT-1,1
GTCTACCAGGGCGAAG-1,1
GTCTACCCACACCGAC-1,1
GTCTACCCACCACTGG-1,1
GTCTACCCACTGCGAC-1,1
GTCTACCCAGGAAGTC-1,23
GTCTACCTCACCTCAC-1,1
GTCTAGACAATGCAGG-1,11
GTCTAGAGTAGTACGG-1,1
GTCTAGAGTATGTCAC-1,74
GTCTAGATCGAGAGAC-1,44
GTCTCACAGAAATGGG-1,1
GTCTCACAGAGTCTTC-1,1
GTCTCACAGTAAACTG-1,1
GTCTCACGTGAGCGAT-1,1
GTCTGTCAGATACGAT-1,36
GTCTGTCGTAGACACG-1,1
GTCTGTCTCATTTGGG-1,1
GTCTGTCTCGAGCCTG-1,23
GTCTTTACACTAGGCC-1,1
GTGACGCAGATTGTGA-1,1
GTGACGCAGGCATGGT-1,1
GTGACGCGTAGGCTGA-1,1
GTGACGCGTATACCCA-1,1
GTGAGCCAGCGCATCC-1,1
GTGAGCCCATCTTCGC-1,6
GTGAGCCGTAGGGAGG-1,1
GTGAGCCGTGATCGTT-1,9
GTGAGCCTCTGGAAGG-1,22
GTGAGGAAGCATTGAA-1,23
GTGAGGACAACCGATT-1,1
GTGAGGACACAACATC-1,40
GTGAGGACACACGGAA-1,1
GTGAGGACACTTTAGG-1,25
GTGAGGACATGTTTGG-1,1
GTGAGGATCCCTCGTA-1,1
GTGAGGATCTAGAGCT-1,1
GTGAGTTAGGTAAGGA-1,1
GTGAGTTAGGTTACCT-1,1
GTGAGTTTCCAATGCA-1,29
GTGATGTAGACATCAA-1,27
GTGATGTAGACTCTTG-1,1
GTGATGTGTACATTGC-1,1
GTGATGTGTCATATGC-1,1
GTGATGTGTTCTTGCC-1,1
GTGATGTTCGAAATCC-1,1
GTGCACGGTCTCTCCA-1,1
GTGCACGGTTTGGAGG-1,1
GTGCACGTCCAGTGTA-1,1
GTGCACGTCCTTAAGA-1,1
GTGCACGTCTGAGGTT-1,1
GTGCAGCAGACCTTTG-1,1
GTGCAGCCATCAGTAC-1,1
GTGCAGCTCCATCGTC-1,1
GTGCGTGAGCAAGCCA-1,1
GTGCGTGAGCTTCTAG-1,47
GTGCGTGGTCGGTGAA-1,1
GTGCGTGGTGTTCTAG-1,1
GTGCTGGAGGGCAACT-1,1
GTGCTGGCAAGTCGTT-1,1
GTGCTGGCAGGCATTT-1,2
GTGCTGGCAGGCTACC-1,26
GTGCTGGGTGAGACCA-1,1
GTGCTGGTCAAACCTG-1,25
GTGCTTCAGACCATAA-1,26
GTGCTTCAGGTAGATT-1,1
GTGCTTCCACTCATAG-1,31
GTGCTTCCACTTCAAG-1,1
GTGCTTCGTCGCTTGG-1,20
GTGCTTCGTGACGCCT-1,1
GTGCTTCTCTTACCAT-1,1
GTGGAAGAGCCAAGTG-1,49
GTGGAGAAGAAACACT-1,1
GTGGAGAAGAATAGTC-1,1
GTGGAGAAGAGAGCGG-1,1
GTGGAGAAGATCCGAG-1,8
GTGGAGAGTGGGAGAG-1,1
GTGGAGATCCGCTAGG-1,1
GTGGCGTAGAATAACC-1,29
GTGGCGTCAATCGAAA-1,24
GTGGGAAAGGTCGTAG-1,21
GTGGGAACATGAGTAA-1,34
GTGGGAATCACCATGA-1,1
GTGGGAATCCCTCGTA-1,1
GTGGGAATCCTCGATC-1,1
GTGGTTAAGTAACCGG-1,21
GTGGTTACAATACCCA-1,1
GTGGTTACAGAAGTGC-1,1
GTGGTTAGTACCCGCA-1,2
GTGGTTAGTTCTCAGA-1,1
GTGTAACCACTGGACC-1,1
GTGTAACGTTCCACAA-1,1
GTGTAACTCATAGAGA-1,2
GTGTAACTCTTGGTGA-1,31
GTGTCCTAGTCGGCCT-1,37
GTGTCCTCAAGTATAG-1,1
GTGTCCTCAGTTGTTG-1,48
GTGTCCTCAGTTTCTT-1,1
GTGTCCTGTGGCCTCA-1,34
GTGTCCTGTGTGCCTG-1,1
GTGTCCTTCCGTCACT-1,1
GTGTCCTTCGCTTTAT-1,1
GTGTGATCACTACGGC-1,34
GTGTGATTCTTACGTT-1,22
GTGTGGCAGGTACTGG-1,68
GTGTGGCAGGTAGTCG-1,33
GTGTGGCGTAAGTTGA-1,14
GTGTGGCTCACCACAA-1,23
GTGTTAGAGACGGTCA-1,6
GTGTTAGAGAGTGACC-1,1
GTGTTCCAGGTGCCTC-1,14
GTGTTCCAGTTGTCGT-1,1
GTGTTCCCAACAAGAT-1,1
GTGTTCCCACCGTCGA-1,1
GTGTTCCGTAGTTCCA-1,10
GTGTTCCTCATGGAGG-1,1
GTGTTCCTCCTCTAGC-1,1
GTTACAGAGACTTCCA-1,1
GTTACAGAGGGCTAAC-1,9
GTTACAGAGTGTAGTA-1,25
GTTACAGCAAATCAGA-1,15
GTTACAGGTGTCCGTG-1,1
GTTACAGGTTGTCATG-1,1
GTTACAGTCAATCAGC-1,6
GTTACAGTCTGTCCGT-1,1
GTTACCCAGCCTGTCG-1,1
GTTACCCCACCTGCGA-1,1
GTTACCCGTTCGATTG-1,1
GTTACGAAGTGACACG-1,1
GTTACGAGTATCGGTT-1,1
GTTACGAGTATGAGAT-1,55
GTTAGACAGACGCATG-1,1
GTTAGACCAAATGGCG-1,1
GTTAGACCAGAAATCA-1,1
GTTAGACTCGCTGACG-1,1
GTTAGTGAGAACGTGC-1,19
GTTAGTGAGCTCGGCT-1,1
GTTAGTGCAATAGTGA-1,1
GTTAGTGCACCTCTAC-1,65
GTTAGTGCAGGTCAGA-1,1
GTTATGGAGCTCTATG-1,1
GTTATGGAGTTCCATG-1,2
GTTATGGCAATGTGGG-1,1
GTTATGGCAGTCAACT-1,1
GTTATGGTCGTTCCTG-1,7
GTTCATTAGAATAACC-1,1
GTTCATTAGACTGTTC-1,2
GTTCATTCATCTCGTC-1,1
GTTCATTGTCATATGC-1,1
GTTCATTGTCGGCTAC-1,1
GTTCATTTCCGATGCG-1,1
GTTCATTTCGCTGCGA-1,1
GTTCCGTAGTTGCCCG-1,21
GTTCCGTCACCCGTAG-1,19
GTTCCGTGTACGCGTC-1,1
GTTCCGTTCATGGTAC-1,1
GTTCGCTAGACTGGGT-1,1
GTTCGCTAGCTGTCCG-1,1
GTTCGCTCATAGGCGA-1,1
GTTCGCTGTATCGCTA-1,1
GTTCGCTGTCCGCAGT-1,1
GTTCGCTTCGACATTG-1,1
GTTCTATAGTGGCCTC-1,1
GTTCTATCAAATGAGT-1,18
GTTCTATCACGTGTGC-1,13
GTTCTATTCAAAGACA-1,1
GTTCTATTCTACACTT-1,41
GTTGAACAGGAACATT-1,31
GTTGAACCATATGCGT-1,1
GTTGAACGTACCCGCA-1,59
GTTGAACGTCCTTGTC-1,1
GTTGAACTCGGTGCAC-1,1
GTTGCGGAGCTGCCTG-1,31
GTTGCGGGTCAGTTTG-1,1
GTTGCGGGTCCAAGAG-1,1
GTTGCGGGTTCTCGCT-1,1
GTTGCGGTCCTCTGCA-1,1
GTTGCGGTCGCAGTGC-1,1
GTTGCTCAGTCAGCCC-1,1
GTTGCTCAGTTTCGAC-1,30
GTTGCTCGTGAATAAC-1,2
GTTGCTCTCATTTCCA-1,29
GTTGTAGAGAATAGTC-1,1
GTTGTAGAGGGTATAT-1,1
GTTGTAGAGGGTGAAA-1,1
GTTGTAGAGTTCCAGT-1,1
GTTGTAGCAGTTCTAG-1,27
GTTGTAGTCCCTCGAT-1,1
GTTGTCCAGAGAGCAA-1,1
GTTGTCCAGTGTTCCA-1,1
GTTGTCCCATAATCCG-1,1
GTTGTCCTCTTGGAAT-1,1
GTTGTGAAGACCTTTG-1,13
GTTGTGAGTTGGATCT-1,1
GTTGTGATCTCGGTCT-1,23
GTTTACTCATGTCTAG-1,1
GTTTACTGTCGAGTGA-1,1
GTTTGGACAGCCTTCT-1,8
GTTTGGAGTGTATACC-1,20
TAACACGAGTTGCTGT-1,1
TAACACGCATGTAACC-1,1
TAACACGGTCGCATTA-1,1
TAACACGGTCGCTGCA-1,1
TAACACGGTGGACTGA-1,1
TAACACGGTTTGGAGG-1,1
TAACACGTCGTAATGC-1,1
TAACCAGTCTGTCCGT-1,1
TAACGACCACATATGC-1,31
TAACGACGTGCCTACG-1,28
TAACGACTCAGTGATC-1,1
TAACTTCAGTGAACAT-1,1
TAACTTCCAGATTCGT-1,1
TAACTTCCATTACGGT-1,1
TAACTTCGTTGTGGAG-1,26
TAACTTCTCCCTCATG-1,1
TAAGCACAGAAGCTGC-1,44
TAAGCACAGCTAATGA-1,1
TAAGCACTCAAGCCGC-1,2
TAAGCACTCACCATAG-1,30
TAAGCACTCGACGAGA-1,1
TAAGCACTCTAGAACC-1,1
TAAGCCAAGACATAGT-1,1
TAAGCCAAGCTGAGTG-1,2
TAAGCCAAGGAGAGTA-1,1
TAAGCCACAGCCGTTG-1,1
TAAGCCAGTACTTGTG-1,1
TAAGCCAGTCCAACGC-1,19
TAAGCCAGTCGCGTTG-1,1
TAAGCCATCTCCTGTG-1,1
TAAGCCATCTGGCCTT-1,16
TAAGCGTAGTCATCCA-1,1
TAAGCGTTCGTTGCCT-1,18
TAAGCGTTCTGTCGTC-1,19
TAAGTCGAGAATGTTG-1,1
TAAGTCGCATCTGTTT-1,1
TAATCTCAGGGTGAAA-1,1
TAATCTCTCGCCTTTG-1,1
TAATTCCAGAGTTGCG-1,1
TAATTCCCACACCTTC-1,1
TAATTCCCACTCCGGA-1,30
TAATTCCCAGCTGTTA-1,1
TAATTCCCAGGTATGG-1,1
TAATTCCGTATTGACC-1,49
TAATTCCGTCAGTCCG-1,40
TACAACGAGGCCTGAA-1,1
TACAACGCAAAGGTTA-1,17
TACAACGCACAAGCAG-1,1
TACAACGCAGCAGAAC-1,1
TACAACGCATAGATCC-1,23
TACAACGTCGAGTACT-1,1
TACAACGTCGCCAATA-1,1
TACACCCAGGTCCCGT-1,1
TACACCCTCGACTCCT-1,31
TACAGGTGTCCCGGTA-1,1
TACAGGTGTTGATCGT-1,1
TACAGGTTCCTAGAGT-1,1
TACAGGTTCCTTACCG-1,48
TACATTCAGATGCTTC-1,1
TACATTCAGGTCGTCC-1,2
TACATTCAGTCATCGT-1,1
TACATTCCAGACTCTA-1,1
TACATTCGTGGCTCTG-1,1
TACATTCGTGGCTTAT-1,40
TACCCACCATGAGATA-1,1
TACCCGTAGCCGAACA-1,1
TACCCGTGTATGAAGT-1,1
TACCGAAAGGGACAGG-1,1
TACCGAAAGGTAGTCG-1,1
TACCGGGAGATTCGCT-1,1
TACCGGGCAGGGACTA-1,1
TACCGGGCATGCCGGT-1,1
TACCGGGTCCAGCTCT-1,1
TACCGGGTCCTCGATC-1,1
TACCGGGTCGGCCTTT-1,2
TACCTCGAGAATCCCT-1,1
TACCTCGCACCCAACG-1,40
TACCTCGCACGCAAAG-1,1
TACCTCGCAGTAGATA-1,1
TACCTGCAGTCACGCC-1,21
TACCTGCAGTCTGCAT-1,35
TACCTGCCAATCGTCA-1,1
TACCTGCCATACCGTA-1,1
TACCTGCTCCAAGCTA-1,25
TACGCTCCAATCCTTT-1,1
TACGCTCCATCACAGT-1,1
TACGCTCGTCAATCTG-1,12
TACGCTCTCTCGGTCT-1,56
TACGCTCTCTTAAGGC-1,29
TACGGGCAGATAACAC-1,1
TACGGGCCATGAGATA-1,1
TACGGGCGTCACCCTT-1,1
TACGGGCGTGTGCCTG-1,1
TACGGGCTCAACGAGG-1,31
TACGGGCTCCAGCTCT-1,2
TACGGGCTCTACCACC-1,37
TACGGTAAGAATACAC-1,1
TACGGTACAGCCTTTC-1,1
TACGGTACAGGTGTTT-1,1
TACGGTAGTCGCACGT-1,1
TACGGTATCACTCTTG-1,1
TACGTCCCAAGTGATA-1,26
TACGTCCCATGTGTCA-1,40
TACGTCCGTACGGCAA-1,1
TACGTCCGTCGAGTTT-1,1
TACGTCCTCTAGTACG-1,2
TACTGCCAGTTGAAAC-1,4
TACTGCCCAGTTACCA-1,1
TACTGCCGTACAGGTG-1,1
TACTTACAGGACTTCT-1,1
TACTTACAGGCATCTT-1,14
TACTTACAGTCTCCTC-1,1
TACTTACCAAGCTGTT-1,1
TACTTACCACCTCTGT-1,1
TACTTACCATGGCTAT-1,1
TACTTACGTACTCGCG-1,1
TACTTCAAGGTCATAA-1,1
TACTTCATCATGCCGG-1,36
TACTTCATCGACATTG-1,1
TACTTGTCAAGCCTGC-1,1
TACTTGTGTGGTTTAC-1,1
TACTTGTTCGAGAACG-1,1
TAGACCACAATCCTTT-1,1
TAGACCACACATATGC-1,1
TAGACCAGTCTCGGGT-1,20
TAGACCATCGAAACAA-1,1
TAGACTGAGATTGTGA-1,34
TAGACTGAGCAGCCCT-1,1
TAGACTGAGCTTTCTT-1,1
TAGACTGGTCTTGAAC-1,24
TAGACTGTCAACCTTT-1,1
TAGACTGTCCTCTGCA-1,1
TAGACTGTCGCCGAGT-1,34
TAGAGTCAGCATTGTC-1,1
TAGAGTCCAACCGACC-1,1
TAGAGTCCACTGGCGT-1,1
TAGAGTCGTTGTGTAC-1,28
TAGAGTCGTTTCTTAC-1,1
TAGATCGCAAATGGTA-1,19
TAGATCGCAAGAGAGA-1,1
TAGATCGCACACGCCA-1,16
TAGATCGTCACAACCA-1,47
TAGATCGTCGCATTAG-1,2
TAGATCGTCTTAATCC-1,1
TAGCACAAGGTATCTC-1,2
TAGCACAAGTACTCGT-1,8
TAGCACACAAGTATCC-1,1
TAGCACACAGCGAACA-1,1
TAGCACAGTCGACTGC-1,1
TAGCACATCCACGGGT-1,1
TAGCACATCTCGACCT-1,1
TAGGAGGAGGAGTACC-1,1
TAGGAGGCAAGACCTT-1,17
TAGGAGGGTACGATCT-1,1
TAGGAGGGTCTTCAAG-1,1
TAGGAGGGTTCCAGGC-1,39
TAGGAGGTCAGAGTTC-1,1
TAGGGTTAGAGAGCGG-1,24
TAGGGTTAGAGTCACG-1,1
TAGGGTTAGCATGCGA-1,1
TAGGGTTAGGAACATT-1,33
TAGGGTTCAAGAAACT-1,17
TAGGGTTCAGGTTCGC-1,1
TAGGTACGTGTCATCA-1,44
TAGGTACTCGAAGCAG-1,32
TAGGTACTCGAAGTAG-1,1
TAGGTACTCGTCATAA-1,1
TAGGTTGCAACATACC-1,1
TAGGTTGCACAAGTGG-1,1
TAGGTTGTCAACTACG-1,2
TAGTGCACACTCGATA-1,23
TAGTGCACAGACTGCC-1,1
TAGTGCACAGAGGAAA-1,59
TAGTGCATCATGGCCG-1,1
TATACCTAGCCTCGTG-1,1
TATACCTAGGCACGAT-1,1
TATACCTCAACACAAA-1,1
TATACCTCAGGAGGAG-1,1
TATACCTCATGGAATA-1,1
TATACCTGTAGCTTTG-1,1
TATACCTGTTCTCGTC-1,40
TATACCTTCGTAGCCG-1,1
TATACCTTCTGTCCGT-1,46
TATATCCCATACAGGG-1,1
TATATCCCATGCGTGC-1,25
TATATCCCATGGATCT-1,1
TATATCCGTTCGGTAT-1,1
TATATCCTCACCTGTC-1,1
TATATCCTCCGATGTA-1,1
TATCAGGCATGCACTA-1,1
TATCAGGGTCCAAATC-1,1
TATCAGGGTGGATGAC-1,1
TATCAGGGTTGCATAC-1,1
TATCAGGTCATGTCAG-1,1
TATCAGGTCCTAAGTG-1,1
TATCAGGTCTGAATGC-1,1
TATCCTAAGAGATGCC-1,1
TATCCTACAACTGATC-1,1
TATCCTATCCATGCAA-1,1
TATCCTATCGGAACTT-1,1
TATCGCCTCTCCCAAC-1,61
TATCTGTCAATCTCTT-1,1
TATCTGTCATCGAGCC-1,1
TATCTTGAGAATCTAG-1,1
TATCTTGAGCTACTGT-1,1
TATCTTGCACGACAGA-1,1
TATCTTGCACGCTGAC-1,1
TATCTTGCAGGACTTT-1,1
TATCTTGGTCGCAACC-1,1
TATCTTGTCCATCTCG-1,100
TATCTTGTCTCGTTTA-1,1
TATGTTCAGTATGGAT-1,40
TATGTTCCACTGCTTC-1,1
TATGTTCTCCCTGGTT-1,1
TATGTTCTCCGTGGCA-1,1
TATTCCACACAACGAG-1,1
TATTCCATCAGACCGC-1,1
TATTCCATCCTACTGC-1,1
TATTGCTAGTGGATAT-1,1
TATTGCTTCTCGAACA-1,28
TATTGGGAGAACCGCA-1,1
TATTGGGGTTGCGGCT-1,1
TATTTCGAGTCGGCCT-1,1
TATTTCGCACGCTGAC-1,1
TCAAGACGTCAGTTTG-1,1
TCAAGACTCTGCGTCT-1,1
TCAAGCAAGATGGTCG-1,1
TCAAGCAGTACCTGTA-1,1
TCAAGCATCCACTTTA-1,42
TCAAGTGCAAGAGGTC-1,1
TCAATCTAGAGGTTTA-1,30
TCAATCTGTCTGCATA-1,1
TCAATCTGTTACCGTA-1,1
TCAATCTGTTACGATC-1,1
TCAATCTGTTGCTCCT-1,1
TCAATCTGTTTCCCAC-1,19
TCAATTCAGTGGCGAT-1,1
TCACAAGCATCCTATT-1,1
TCACAAGGTAGTGGCA-1,29
TCACAAGGTGGATACG-1,43
TCACAAGGTTTGGGTT-1,1
TCACAAGTCTGACAGT-1,1
TCACACCAGGTATTGA-1,1
TCACACCAGTCTGCAT-1,1
TCACACCCAACCGTGC-1,1
TCACACCCACAGCCAC-1,1
TCACACCCACCAGCCA-1,68
TCACACCGTCTCACGG-1,43
TCACACCGTGTCTTAG-1,1
TCACACCGTTAAACCC-1,65
TCACACCTCTGGGAGA-1,31
TCACACCTCTTACCAT-1,48
TCACATTAGTAATTGG-1,2
TCACATTCAGAACTAA-1,70
TCACATTCATCAGCAT-1,1
TCACATTCATGCCATA-1,29
TCACATTTCTCTCGAC-1,1
TCACGCTAGGACATCG-1,33
TCACGCTGTCTGCCTT-1,24
TCACGCTTCACTAGCA-1,41
TCACGCTTCGCTGACG-1,4
TCACGCTTCGGACTGC-1,22
TCACGGGAGCATGATA-1,1
TCACGGGCAACCGACC-1,48
TCACGGGCATCCGCGA-1,2
TCACTATCACCTTCGT-1,1
TCACTATGTTTAGACC-1,36
TCACTATTCTCTGAGA-1,1
TCACTCGAGCCTTTGA-1,1
TCACTCGAGCTTCATG-1,1
TCACTCGCAAAGCAAT-1,31
TCACTCGCAATCTTCT-1,1
TCACTCGCACGGTGAA-1,1
TCACTCGCATCACCAA-1,1
TCACTCGGTCAACCAT-1,35
TCACTCGTCGGTCATA-1,51
TCAGCAACAAATCAAG-1,55
TCAGCAACACAGGAGT-1,1
TCAGCAAGTATGACAA-1,65
TCAGCAATCCTTAGTC-1,1
TCAGCAATCGTAGGGA-1,1
TCAGCCTAGAAGGCTC-1,1
TCAGCCTAGCACCCAC-1,1
TCAGCCTAGCGCTTCG-1,1
TCAGCCTAGTGTAGTA-1,1
TCAGCCTTCCTGGTCT-1,1
TCAGCCTTCTCTAGGA-1,1
TCAGGGCAGACTCGAG-1,1
TCAGGGCTCATGCGGC-1,52
TCAGGGCTCGAGCCTG-1,1
TCAGGGCTCTGACAGT-1,1
TCAGGGCTCTGTTGGA-1,1
TCAGGTAAGCGTGCTC-1,1
TCAGGTAAGGTTCACT-1,1
TCAGGTAAGTACGAGC-1,1
TCAGGTACAATCGCAT-1,27
TCAGGTACAGTCAGCC-1,1
TCAGGTACATAGCACT-1,1
TCAGGTACATCCAATG-1,1
TCAGGTAGTATGGTAA-1,30
TCAGGTAGTGGATCAG-1,1
TCAGTCCAGCTCCATA-1,1
TCAGTCCCAGCATTGT-1,1
TCAGTCCGTAAGATCA-1,44
TCAGTCCGTCTCTCAC-1,35
TCAGTCCTCACCGGGT-1,1
TCAGTCCTCCGTGTGG-1,1
TCAGTCCTCTGTCCGT-1,1
TCAGTGATCCGAGTGC-1,1
TCAGTTTAGCGGGTAT-1,1
TCAGTTTAGGATATAC-1,38
TCAGTTTAGGCCTGAA-1,1
TCAGTTTAGTATAGAC-1,1
TCAGTTTCAGAATCGG-1,1
TCAGTTTGTCATGCAT-1,1
TCAGTTTGTCTCCCTA-1,1
TCATACTCAGGTACGA-1,45
TCATACTGTGCGTGCT-1,1
TCATACTTCAGAGCAG-1,33
TCATACTTCAGCCTCT-1,1
TCATATCCACTCCTGT-1,1
TCATATCCATAACCCA-1,1
TCATATCCATGCTGCG-1,55
TCATATCCATTAAGCC-1,1
TCATATCGTATCGCGC-1,1
TCATATCGTGAAAGTT-1,1
TCATCATAGAACACGT-1,1
TCATCATAGCACACAG-1,48
TCATCATAGCACCAGA-1,1
TCATCATAGTTAACGA-1,2
TCATCATCAGCGGTCT-1,1
TCATCATGTATAGGAT-1,1
TCATCATGTTGCACGC-1,25
TCATCCGCACTGGCCA-1,1
TCATCCGTCCAACTGA-1,27
TCATGAGCAAGGCAAC-1,13
TCATGAGCAGATGCGA-1,1
TCATGAGTCATTATCC-1,2
TCATGCCAGTACAGAT-1,1
TCATGCCCAAAGCGTG-1,37
TCATGCCCACTGTGTA-1,2
TCATGCCGTGTCTTAG-1,25
TCATGCCTCCGGTTCT-1,1
TCATGCCTCTGTCTCG-1,1
TCATGCCTCTTCATGC-1,1
TCATGGACAGTCGGTC-1,1
TCATGGAGTACCCGCA-1,1
TCATGTTAGAGGCGGA-1,35
TCATGTTCACCGCTAG-1,1
TCATGTTGTCATTGCA-1,1
TCATGTTGTCCACATA-1,1
TCATGTTGTCTGTGCG-1,1
TCATGTTGTGTGTGTT-1,18
TCATGTTTCCGCAACG-1,1
TCATTACAGAGAGTTC-1,1
TCATTACAGCCACTCG-1,1
TCATTACAGTATGATG-1,1
TCATTACCAACGACAG-1,1
TCATTACCACGTGAGA-1,1
TCATTACCATCGATAC-1,1
TCATTACGTAGACTGG-1,1
TCATTACGTCCGACGT-1,1
TCATTACGTGCATGAG-1,20
TCATTACTCTAAGCCA-1,1
TCATTCATCCGGACTG-1,1
TCATTGTAGCCTCAGC-1,1
TCATTGTAGTCGTTAC-1,1
TCATTGTGTGAGCAGT-1,28
TCATTTGAGATCCCGC-1,1
TCATTTGAGCAGGGAG-1,1
TCATTTGAGCGCCTAC-1,1
TCATTTGGTGCAACGA-1,1
TCCACCACAAGGCCTC-1,1
TCCACCACAGATCCTA-1,1
TCCACCAGTTCAAAGA-1,1
TCCACGTAGACCGCCT-1,1
TCCACGTCAGCATCTA-1,1
TCCACGTGTGTCTAAC-1,1
TCCACGTTCAAGCCGC-1,1
TCCACGTTCCCTTCCC-1,1
TCCAGAAAGCCATTTG-1,1
TCCAGAAAGCCTCAGC-1,1
TCCAGAAGTAAGGCTG-1,1
TCCAGAATCACACCGG-1,1
TCCATCGAGGTCGCCT-1,1
TCCATCGGTCGGTGAA-1,1
TCCATCGGTTAGTCGT-1,1
TCCATCGGTTTAGTCG-1,28
TCCATCGTCCTTCTAA-1,1
TCCATGCAGGTGAGCT-1,1
TCCATGCCACCGCTAG-1,1
TCCATGCGTAGTACGG-1,1
TCCCACAAGCTAGCCC-1,1
TCCCACAAGTGGAAAG-1,1
TCCCACACACTAGAGG-1,13
TCCCACACAGACCAAG-1,31
TCCCACAGTTGACGGA-1,2
TCCCACATCCTTGACC-1,1
TCCCAGTAGAATTTGG-1,1
TCCCAGTAGACCGTTT-1,34
TCCCAGTCAGCCTATA-1,1
TCCCAGTCATGGATCT-1,1
TCCCAGTTCCCTCATG-1,1
TCCCAGTTCGACATAC-1,26
TCCCATGCATGGGTCC-1,1
TCCCATGTCGGCCCAA-1,16
TCCCATGTCTAACGGT-1,1
TCCCATGTCTTTCCGG-1,1
TCCGAAAAGAGGTATT-1,1
TCCGAAAAGCCTGACC-1,1
TCCGAAACACTAAACC-1,1
TCCGAAAGTACCTTCC-1,1
TCCGAAAGTTCTTGCC-1,1
TCCGAAAGTTTCCATT-1,1
TCCGATCAGCTTCTAG-1,1
TCCGATCCAACTGCTA-1,1
TCCGATCCAAGCGCAA-1,1
TCCGATCCAAGTGCAG-1,1
TCCGATCTCAAACCTG-1,39
TCCGATCTCTGGTTGA-1,1
TCCGGGACACAACCGC-1,1
TCCGGGACACGGGCTT-1,13
TCCGGGACAGGTGTGA-1,1
TCCGGGACATCGGAGA-1,1
TCCGTGTCAGCGGTCT-1,1
TCCGTGTGTAAGCTCT-1,1
TCCGTGTTCACTCTTA-1,1
TCCTAATAGTGATAGT-1,1
TCCTAATCAACTGAAA-1,1
TCCTAATTCGGCTGAC-1,1
TCCTCCCAGACTTCCA-1,1
TCCTCCCAGTATAGGT-1,1
TCCTCCCAGTCTAACC-1,26
TCCTCCCGTTAGCGGA-1,1
TCCTCGACAGGCTATT-1,1
TCCTCGAGTACCCGCA-1,2
TCCTCGATCTCCAATT-1,1
TCCTCGATCTCTCGAC-1,21
TCCTCTTAGAGTGAAG-1,60
TCCTCTTAGCCAAGGT-1,88
TCCTCTTCACATACTG-1,1
TCCTCTTGTCCGGTCA-1,1
TCCTCTTTCCGCTAGG-1,1
TCCTGCACACGACAGA-1,1
TCCTGCAGTTGTCATG-1,1
TCCTGCATCACCTTGC-1,1
TCCTTCTAGCGCTGCT-1,1
TCCTTCTAGTCGAATA-1,1
TCCTTCTCAACTCGTA-1,92
TCCTTCTCAAGCGATG-1,1
TCCTTCTGTAACATCC-1,1
TCCTTTCAGTACCCTA-1,1
TCCTTTCTCGCTGTCT-1,47
TCGAACACACCCAATA-1,1
TCGAACAGTTAACCTG-1,1
TCGAACATCTAGTACG-1,1
TCGAAGTGTATCAGGG-1,25
TCGAAGTGTGGTCTGC-1,1
TCGAAGTTCATCCTAT-1,1
TCGACCTAGGTCCAGA-1,1
TCGACCTCAAAGACTA-1,28
TCGACCTCAAGTAGTA-1,82
TCGACCTGTAGTGTGG-1,1
TCGACCTTCAGCAATC-1,1
TCGACCTTCATAGAGA-1,1
TCGACGGCAACCGGAA-1,1
TCGACGGCATTGAAAG-1,1
TCGACGGGTTTAGTCG-1,1
TCGACGGTCGAAGTGG-1,28
TCGATTTCACTGAATC-1,2
TCGATTTGTACGCTTA-1,37
TCGATTTGTATTGGCT-1,1
TCGATTTGTCCGACGT-1,1
TCGATTTGTTAAAGTG-1,2
TCGCAGGAGATTGACA-1,28
TCGCAGGAGGCTAACG-1,3
TCGCAGGGTAGGCTCC-1,32
TCGCAGGGTCTAACGT-1,1
TCGCAGGGTTCTAACG-1,29
TCGCAGGGTTGTGTTG-1,1
TCGCTCAAGAACTGAT-1,1
TCGCTCACAAGATTGA-1,29
TCGCTCACAAGTTGGG-1,1
TCGCTCATCCCGTGAG-1,1
TCGCTTGAGAGACAAG-1,37
TCGCTTGAGCATTTGC-1,25
TCGCTTGGTGAGACCA-1,1
TCGGATAAGAGCAGAA-1,1
TCGGATAAGGCAGGTT-1,1
TCGGATAGTGGTATGG-1,1
TCGGATATCGCCTTGT-1,1
TCGGGACAGAAGGCTC-1,1
TCGGGACAGCCATTCA-1,1
TCGGGACAGTATTAGG-1,1
TCGGGACAGTTGGCTT-1,1
TCGGGACGTAACGGTG-1,6
TCGGGACTCTAGATCG-1,41
TCGGGCACAGCGCTTG-1,1
TCGGGCACAGTTACCA-1,11
TCGGGCAGTCTAGGTT-1,1
TCGGGCATCCGATTAG-1,32
TCGGGCATCCGCACGA-1,1
TCGGGCATCTGAACGT-1,40
TCGGGTGCAGTCTGGC-1,7
TCGGTCTGTGATGGCA-1,1
TCGGTCTGTTGTATGC-1,1
TCGGTCTTCATTGCTT-1,28
TCGGTCTTCGACATAC-1,30
TCGTAGACAATGAAAC-1,46
TCGTAGAGTCTCAGAT-1,2
TCGTAGAGTTGTAGCT-1,1
TCGTCCAGTGCAGTGA-1,1
TCGTCCATCTACGCAA-1,1
TCGTCCATCTCATTTG-1,1
TCGTGCTAGAAACACT-1,1
TCGTGCTCACATATGC-1,1
TCGTGCTGTAAGGAGA-1,9
TCGTGCTGTACGTGAG-1,1
TCGTGCTGTGATCATC-1,15
TCGTGCTTCAGCCTTC-1,1
TCGTGGGCAGAAGTGC-1,6
TCGTGGGCATTGTGCA-1,1
TCTAACTAGATGCTTC-1,1
TCTAACTAGGTCCAGA-1,32
TCTAACTGTGGCTGCT-1,1
TCTAACTTCCAAAGGG-1,1
TCTAACTTCTCTGACC-1,1
TCTACATAGATACCAA-1,1
TCTACATAGTCGTCTA-1,1
TCTACATCAGCAGACA-1,1
TCTACATGTTGTTGTG-1,1
TCTACATTCCCATGGG-1,1
TCTACATTCGCTAATG-1,2
TCTACATTCTTCCTAA-1,1
TCTACCGAGGACCCAA-1,1
TCTACCGCAACTCATG-1,1
TCTACCGCAGTCGTTA-1,35
TCTACCGGTCGAAACG-1,1
TCTACCGTCCACGGAC-1,25
TCTACCGTCGCATTGA-1,1
TCTACCGTCTCAATCT-1,1
TCTACCGTCTGGTGCG-1,1
TCTACCGTCTTACGGA-1,1
TCTATACAGCTCTATG-1,1
TCTATACGTTATCCAG-1,40
TCTATACGTTCTCCAC-1,4
TCTATCACACGGCCAT-1,1
TCTATCAGTATGCTAC-1,29
TCTATCAGTCGTTGGC-1,1
TCTATCAGTTGCCGAC-1,31
TCTATCATCGTGACTA-1,1
TCTATCATCTAACGCA-1,1
TCTCACGAGCACTTTG-1,1
TCTCACGAGGCTCCCA-1,22
TCTCACGAGGGCCAAT-1,1
TCTCACGAGGTAGACC-1,1
TCTCACGGTCTCTCAC-1,1
TCTCACGTCTCGCAGG-1,6
TCTCCGAAGTCAATCC-1,81
TCTCCGACAGGTACAG-1,1
TCTCCGACATCATGAC-1,1
TCTCCGACATTAAGCC-1,1
TCTCCGATCTCTCTTC-1,66
TCTCTGGAGGTGGGTT-1,1
TCTCTGGCAAAGCAAT-1,70
TCTCTGGTCCTCGCAT-1,1
TCTGCCAAGTTACGGG-1,48
TCTGCCACAGAGTGAC-1,1
TCTGCCACATGGCTGC-1,1
TCTGCCAGTAACGCGA-1,30
TCTGCCAGTACCCGCA-1,1
TCTGCCAGTAGATGTA-1,68
TCTGCCAGTTCCTAGA-1,1
TCTGCCAGTTGCCTAA-1,1
TCTGCCATCGGTTAGT-1,1
TCTGCCATCTGTCGTC-1,1
TCTGGCTAGGCTCACC-1,1
TCTGGCTCAGCGATTT-1,1
TCTGGCTCATCCTGTC-1,50
TCTGGCTCATGACTGT-1,1
TCTGGCTTCAAGCGTT-1,1
TCTGGCTTCCAGTTCC-1,1
TCTGGCTTCGCTCCTA-1,1
TCTGTCGAGACATCCT-1,1
TCTGTCGAGACTAGAT-1,20
TCTGTCGCACCAGCGT-1,46
TCTGTCGCATCGCCTT-1,1
TCTGTCGGTTCTCGTC-1,1
TCTTAGTAGGCCTGCT-1,34
TCTTAGTAGTCTACCA-1,1
TCTTAGTCAACACGAG-1,48
TCTTAGTGTTGCCAAT-1,44
TCTTAGTTCAGAATAG-1,25
TCTTAGTTCAGCGCGT-1,1
TCTTAGTTCCCATGGG-1,1
TCTTCCTCACCAAAGG-1,8
TCTTCCTCACCTCTGT-1,1
TCTTCCTTCGAGTACT-1,1
TCTTGCGAGACTAAGT-1,1
TCTTGCGAGATGAAGG-1,16
TCTTGCGAGTTTCGGT-1,1
TCTTGCGCACTACTTT-1,19
TCTTGCGCAGAGGAAA-1,33
TCTTGCGCAGTTGTCA-1,1
TCTTGCGGTCCAGCCA-1,30
TCTTTGACACGTCATA-1,1
TCTTTGACATAAGATG-1,1
TCTTTGACATATACCG-1,1
TCTTTGAGTAGCACGA-1,1
TCTTTGAGTGATGTAA-1,1
TCTTTGAGTGCAACAG-1,1
TCTTTGAGTGGAGAAA-1,34
TCTTTGATCAATCCAG-1,1
TCTTTGATCAGTCTTT-1,1
TCTTTGATCGATTTCT-1,1
TGAACGTCAAATGAAC-1,32
TGAACGTCACTCCGAG-1,1
TGAACGTCATGAGGGT-1,1
TGAACGTGTAACTAAG-1,41
TGAACGTGTCCATAGT-1,8
TGAACGTTCCGTTTCG-1,1
TGAATCGAGGTTCAGG-1,1
TGAATCGCAGGTGAGT-1,2
TGAATCGCAGTTTCGA-1,1
TGAATCGGTAGGGAGG-1,1
TGAATCGTCTCCGAAA-1,1
TGAATGCAGAGCATAT-1,1
TGAATGCAGTGAGTGC-1,1
TGAATGCCATTCTCTA-1,1
TGAATGCGTCTACATG-1,1
TGAATGCGTGGACTAG-1,28
TGAATGCTCGACGAGA-1,46
TGAATGCTCGCCGTGA-1,51
TGACAGTAGAGGTGCT-1,14
TGACAGTCAAGCAGGT-1,1
TGACAGTCACTGCGAC-1,1
TGACAGTTCCTTACCG-1,1
TGACAGTTCGAGATGG-1,16
TGACCCTCACAAGTTC-1,1
TGACCCTGTATTTCCT-1,1
TGACCCTGTTGTAAAG-1,1
TGACCCTTCTCATTGT-1,32
TGACGCGCACAGACGA-1,2
TGACGCGGTACCCACG-1,1
TGACGCGGTGGCTTAT-1,26
TGACGCGGTGTATTGC-1,1
TGACGCGGTTTGTGGT-1,1
TGACGCGTCCAGCACG-1,1
TGACTCCAGTCTCCTC-1,32
TGACTCCCACACCTTC-1,1
TGACTCCCACCATAAC-1,31
TGACTCCGTGCGTCGT-1,1
TGAGACTAGGAGGCAG-1,1
TGAGACTAGGCTGAAC-1,27
TGAGCATAGAAGGATG-1,1
TGAGCATAGACATAGT-1,1
TGAGCATAGTAAACGT-1,2
TGAGCATCAGTAGATA-1,1
TGAGCATGTAGTACGG-1,1
TGAGCATTCCATTGCC-1,25
TGAGCATTCCTTCACG-1,24
TGAGCATTCGATACTG-1,29
TGAGCATTCTCATTTG-1,1
TGAGCATTCTCTATGT-1,1
TGAGCATTCTGTCTCG-1,33
TGAGCGCAGTATCTGC-1,2
TGAGCGCCACTATGTG-1,32
TGAGCGCCAGCATACT-1,50
TGAGCGCTCATTGCTT-1,1
TGAGCGCTCGTCTAAG-1,29
TGAGCGCTCTTCCGTG-1,1
TGAGGAGAGACCAACG-1,1
TGAGGAGAGCATGGGT-1,1
TGAGGAGCAACGATCT-1,1
TGAGGAGCATGGAATA-1,1
TGAGGAGGTGTATTCG-1,1
TGAGGAGTCCAAGGGA-1,1
TGAGGAGTCCATCGTC-1,48
TGAGGAGTCGCCTAGG-1,1
TGAGGAGTCGTAGCCG-1,1
TGAGGAGTCTTCGTGC-1,1
TGAGGGAAGACGGAAA-1,2
TGAGGGACATCCAATG-1,1
TGAGGGAGTCAAAGCG-1,1
TGAGGGATCAAACGTC-1,33
TGAGGGATCATAAGGA-1,39
TGAGGTTAGACCATAA-1,1
TGAGGTTAGTGGTGAC-1,1
TGAGGTTAGTTTGAGA-1,1
TGAGGTTCAAACTAGA-1,12
TGAGGTTCAGGACATG-1,41
TGAGGTTCAGTAAATG-1,1
TGAGGTTCATTAAAGG-1,1
TGAGGTTGTAGCTTTG-1,68
TGAGGTTTCTGCACCT-1,1
TGAGTCACAACACAGG-1,1
TGAGTCACAGAACGCA-1,47
TGAGTCAGTAACCCTA-1,18
TGAGTCAGTCACTCTC-1,25
TGAGTCAGTCCAGCCA-1,1
TGAGTCATCATCACTT-1,1
TGAGTCATCCGAGAAG-1,1
TGATCAGAGGATTCAA-1,53
TGATCAGGTTCCTTGC-1,1
TGATCTTGTTCAAAGA-1,1
TGATCTTTCAATGTCG-1,1
TGATCTTTCGCAGATT-1,1
TGATGCACAGGGCTTC-1,31
TGATGCACAGTGGCTC-1,2
TGATGCAGTACGTAGG-1,1
TGATGCAGTTTGGAGG-1,1
TGATGGTAGACCCGCT-1,26
TGATGGTTCACTACGA-1,1
TGATGGTTCATCGACA-1,1
TGATTCTCAACGACTT-1,1
TGATTCTCAATCCAGT-1,1
TGATTCTGTAGGTACG-1,5
TGATTTCAGCATCAAA-1,1
TGATTTCAGGTAACTA-1,1
TGATTTCCAAGCGATG-1,1
TGATTTCGTAGCTGCC-1,1
TGATTTCGTGGCACTC-1,1
TGATTTCGTTTCGCTC-1,1
TGATTTCTCACATACG-1,1
TGATTTCTCTTCTCAA-1,1
TGCACGGAGCCTGGAA-1,1
TGCACGGCAGGCCTGT-1,1
TGCACGGGTATCTCTT-1,1
TGCACGGTCGAGTACT-1,14
TGCAGATCACTAGAGG-1,1
TGCAGGCAGCGTTCAT-1,11
TGCAGGCAGGTCACCC-1,1
TGCAGGCCAGGAATAT-1,28
TGCAGGCGTCGCATTA-1,2
TGCAGGCGTCTGTAGT-1,1
TGCAGGCGTGGCCTCA-1,1
TGCAGGCGTTATGACC-1,1
TGCAGTAAGTAGTCCT-1,19
TGCAGTACAAGAGTTA-1,1
TGCAGTATCCACATAG-1,29
TGCAGTATCTCACGAA-1,1
TGCAGTATCTTTGCGC-1,1
TGCATCCAGTCATGCT-1,1
TGCATCCAGTGGTGGT-1,1
TGCATCCCACCCAACG-1,17
TGCATCCCACTGCGAC-1,1
TGCATCCCAGGTGACA-1,1
TGCATCCGTGGCTGAA-1,1
TGCATCCGTGGGATTG-1,1
TGCATCCTCCACGTAA-1,1
TGCATGAAGCACCCAC-1,30
TGCATGAAGCTAGAAT-1,1
TGCATGAGTACTCCCT-1,1
TGCATGAGTCGTCTCT-1,1
TGCATGATCGGTCTGG-1,1
TGCCGAGCAACTTGCA-1,1
TGCCGAGGTGAGTTGG-1,1
TGCCGAGTCGCTTTAT-1,1
TGCCGAGTCTAACAGT-1,1
TGCCGAGTCTAACGGT-1,8
TGCGACGAGCGACAGT-1,29
TGCGACGGTACTGCCG-1,1
TGCGATAAGAATCGCG-1,28
TGCGATAAGCGTCTCG-1,1
TGCGATAGTCACCGAC-1,1
TGCGATAGTCTGCATA-1,1
TGCGATATCAGACAAA-1,1
TGCGGCAAGTGGTGAC-1,19
TGCGGCACAAAGACGC-1,41
TGCGGCACACCCTAAA-1,1
TGCGGCAGTAAGAACT-1,1
TGCGGCAGTTAGGGTG-1,1
TGCGGCATCTGGGAGA-1,1
TGCGGGTGTAGTATAG-1,1
TGCGGGTTCGGTCTAA-1,1
TGCTCCAAGCGATCGA-1,1
TGCTCCACAATCTAGC-1,22
TGCTCCACAGCTGGTC-1,1
TGCTCCACATCTCAAG-1,1
TGCTCCAGTGGTAACG-1,1
TGCTCCAGTTGTAAAG-1,1
TGCTCGTAGACGAGCT-1,37
TGCTCGTAGAGTCTGG-1,1
TGCTCGTCACACGTGC-1,1
TGCTCGTGTCACAGTT-1,1
TGCTCGTTCCCATTTA-1,20
TGCTCGTTCTAGAGCT-1,1
TGCTGAAAGGTGCCAA-1,2
TGCTGAAAGTAGAGTT-1,1
TGCTGAAAGTGCGTCC-1,1
TGCTGAACAAAGACGC-1,1
TGCTGAACACCAACAT-1,1
TGCTGAACAGCACAAG-1,29
TGCTTCGCAATAACCC-1,1
TGCTTCGCATAGCTGT-1,13
TGCTTCGCATCTGTTT-1,1
TGCTTCGGTGGAAGTC-1,1
TGCTTCGTCGGTCGAC-1,1
TGCTTGCCACGCTGAC-1,1
TGCTTGCGTCCCGGTA-1,1
TGCTTGCGTGAACTAA-1,28
TGCTTGCGTTCCACAA-1,1
TGGAACTAGCGTCTCG-1,21
TGGAACTAGTGAGGTC-1,1
TGGAACTAGTTGCTGT-1,1
TGGAACTGTCCAGCCA-1,1
TGGAACTGTCTAGGCC-1,1
TGGAGAGAGAACAAGG-1,1
TGGAGAGCAGTCAGTT-1,10
TGGAGAGTCACGGGAA-1,1
TGGAGAGTCTGAATCG-1,2
TGGAGGAAGCGCGTTC-1,1
TGGAGGAAGTAGGAAG-1,16
TGGAGGAGTCACCCTT-1,1
TGGAGGAGTCAGGTGA-1,2
TGGAGGAGTCTTTATC-1,5
TGGAGGATCGACATTG-1,26
TGGAGGATCTCAAAGC-1,1
TGGATCAAGACTACGG-1,1
TGGATCACACGGTGAA-1,1
TGGATCAGTCTTACAG-1,1
TGGATCAGTTCTCCCA-1,19
TGGATCATCGGAATTC-1,2
TGGATGTGTAAGCGGT-1,1
TGGATGTTCACGGGAA-1,27
TGGATGTTCACTAGCA-1,1
TGGATGTTCCGCAAAT-1,1
TGGATGTTCTATCCAT-1,15
TGGATGTTCTGTAACG-1,1
TGGCGTGGTGGATTTC-1,23
TGGCGTGTCCGTAGTA-1,1
TGGGAAGAGGTGCAGT-1,1
TGGGAAGCAGGCATGA-1,1
TGGGAAGTCGATTGGT-1,31
TGGGAGAAGAATAACC-1,1
TGGGAGAAGCAAGTGC-1,18
TGGGAGAAGCACACCC-1,1
TGGGAGAAGTGGTGGC-1,1
TGGGAGAAGTGGTGGT-1,42
TGGGAGACAGGCCCTA-1,1
TGGGAGAGTATTGAGA-1,1
TGGGAGAGTCCCTAAA-1,1
TGGGAGAGTGCCGTAC-1,1
TGGGATTAGGCGACAT-1,1
TGGGATTAGTAGTGTG-1,1
TGGGATTAGTCACGAG-1,25
TGGGATTCAGAGTCTT-1,1
TGGGATTGTACGATGG-1,65
TGGGATTGTATGAGCG-1,1
TGGGATTTCCCTCGAT-1,1
TGGGCGTAGACGAGCT-1,1
TGGGCGTAGCCTCGTG-1,1
TGGGCGTAGTGGAATT-1,18
TGGGCGTCAAATTGCC-1,27
TGGGCGTCACCTGCTT-1,1
TGGGCGTCAGAGTCAG-1,1
TGGGCGTGTCGGCCTA-1,1
TGGGCGTTCCCTCATG-1,1
TGGGCGTTCGCCGAAC-1,1
TGGGCTGAGAGGGTCT-1,25
TGGGCTGAGCAAATGT-1,1
TGGGCTGAGCGTTAGG-1,51
TGGGCTGAGCGTTCAT-1,1
TGGGCTGAGCGTTGGG-1,1
TGGGCTGAGCTGGCCT-1,1
TGGGCTGCACCCTAAA-1,1
TGGGCTGCATCCGATA-1,70
TGGGCTGGTCGCGGTT-1,27
TGGGCTGTCATCTCTA-1,2
TGGGCTGTCTAGGCAT-1,1
TGGGTTAAGGAACGAA-1,5
TGGGTTAGTATTGAGA-1,93
TGGGTTAGTGCACGCT-1,18
TGGGTTAGTTAGTTCG-1,1
TGGGTTATCAGTAGGG-1,44
TGGGTTATCATGCCGG-1,1
TGGTACAAGAACGTGC-1,1
TGGTACAAGGAAAGAC-1,1
TGGTACAAGTATAGAC-1,1
TGGTACACAAAGGGTC-1,29
TGGTACAGTACCTAAC-1,1
TGGTACAGTTGCCAAT-1,1
TGGTAGTCAACGCATT-1,1
TGGTAGTCAATAACGA-1,1
TGGTAGTCAGGAGACT-1,1
TGGTAGTCAGGCATGA-1,33
TGGTAGTCATCACAGT-1,16
TGGTAGTGTCTGTGAT-1,1
TGGTAGTTCCCTCATG-1,18
TGGTAGTTCTCTGCTG-1,3
TGGTGATAGTACAACA-1,1
TGGTGATCAGGTATGG-1,1
TGGTTAGAGTCATCCA-1,1
TGGTTAGGTGACTGAG-1,1
TGGTTAGGTGGCTGAA-1,1
TGGTTAGTCAACCTTT-1,27
TGGTTAGTCCCTTGGT-1,1
TGGTTAGTCTAGAATC-1,1
TGTAACGAGCACTTTG-1,1
TGTAACGAGGCACAAC-1,1
TGTAACGCACCGGCTA-1,1
TGTAACGCAGTTGGTT-1,1
TGTAAGCAGGTGCCAA-1,1
TGTAAGCCAACAGCCC-1,1
TGTACAGAGACTCGAG-1,49
TGTACAGAGGCTCAAG-1,1
TGTACAGAGTACGAGC-1,1
TGTACAGAGTGAGTTA-1,41
TGTACAGCACAAATGA-1,1
TGTACAGCAGCGAGTA-1,1
TGTACAGCATACCAGT-1,1
TGTACAGCATGGGTCC-1,1
TGTACAGGTGCCCTTT-1,1
TGTACAGGTGGATTTC-1,24
TGTAGACAGCTCTGTA-1,1
TGTAGACGTACGATGG-1,1
TGTAGACTCCATTTAC-1,50
TGTCAGACAACTTGGT-1,40
TGTCAGACAATCCAGT-1,2
TGTCAGACACTCACTC-1,34
TGTCAGACATGTTTGG-1,4
TGTCAGAGTCAGTCTA-1,1
TGTCAGAGTGTTAAAG-1,1
TGTCAGATCGCGGACT-1,1
TGTCAGATCTCCTGTG-1,1
TGTCCACCAACTGGTT-1,36
TGTCCACTCGCTTACC-1,46
TGTCCCAAGAACGTGC-1,1
TGTCCCAAGACTGAGC-1,2
TGTCCCAAGCTCCATA-1,44
TGTCCCAAGGTCATAA-1,22
TGTCCCACAATGGGTG-1,1
TGTCCCACATACTTTC-1,22
TGTCCCAGTCAAGCGA-1,1
TGTCCCAGTCAGGCAA-1,20
TGTCCCAGTCGGTGTC-1,28
TGTCCCATCATCTGTT-1,1
TGTCCCATCCGCCTAT-1,1
TGTCCCATCTGTCGTC-1,1
TGTCCTGAGACCACGA-1,1
TGTCCTGAGCCAGTAG-1,1
TGTCCTGCATAATCGC-1,1
TGTCCTGGTACTTGTG-1,26
TGTCCTGGTCGGCTAC-1,1
TGTCCTGGTTACACTG-1,1
TGTCCTGGTTGGCTAT-1,25
TGTCCTGTCGGCTATA-1,17
TGTCCTGTCTGAGAAA-1,1
TGTGAGTCAAGAAATC-1,2
TGTGAGTCAGAGTCTT-1,1
TGTGAGTCATCGAACT-1,1
TGTGAGTTCGTGGGTC-1,1
TGTGATGAGAACCGCA-1,1
TGTGATGAGCGACTGA-1,22
TGTGATGCACCGAATT-1,1
TGTGATGCATGACTAC-1,1
TGTGATGCATTCTCTA-1,39
TGTGCGGAGCTAGAGC-1,1
TGTGCGGGTCGTCGGT-1,47
TGTGCGGTCACATACG-1,44
TGTGGCGGTATGCAAA-1,1
TGTGGCGTCGTACCTC-1,14
TGTGTGAAGATTAGAC-1,1
TGTGTGAGTCACCACG-1,1
TGTGTGAGTCTACATG-1,6
TGTGTGATCTGACAGT-1,27
TGTGTGATCTGGAATT-1,1
TGTTACTAGCGGTAGT-1,1
TGTTACTAGGGATCTG-1,1
TGTTACTGTCGCATGC-1,1
TGTTACTTCCGTATAG-1,1
TGTTCATAGACCAAGC-1,1
TGTTCATAGCTGCCTG-1,67
TGTTCATCACCTTCCA-1,1
TGTTCATCACTAGGTT-1,2
TGTTCATGTACTTGGT-1,1
TGTTCATGTCCTGGGT-1,34
TGTTCATGTCTATGAC-1,1
TGTTCATTCAGTGTCA-1,1
TGTTCATTCCACTAGA-1,1
TGTTCCGCAAGTATAG-1,23
TGTTCCGCAGAGGAAA-1,1
TGTTCCGTCACCATGA-1,1
TGTTCTAAGATTTGCC-1,1
TGTTCTACACCATTCC-1,1
TGTTCTAGTCCCTGAG-1,1
TGTTCTAGTCGTGCCA-1,1
TGTTCTAGTGGAATGC-1,1
TGTTCTATCATGACAC-1,1
TGTTCTATCTTGCGCT-1,1
TGTTGAGCACAACGAG-1,17
TGTTGAGTCTCGACCT-1,34
TGTTGGAAGCCATTTG-1,2
TGTTTGTCACCCTTGT-1,1
TGTTTGTGTAGGAGGG-1,1
TGTTTGTGTCGTGGTC-1,1
TGTTTGTGTGCCCGTA-1,1
TGTTTGTGTGGAAATT-1,72
TGTTTGTTCCAATGCA-1,1
TTAATCCAGCTACTAC-1,59
TTAATCCCACTGATTG-1,10
TTACAGGGTGATTCTG-1,23
TTACCATAGAATCGCG-1,1
TTACCATCATCACCAA-1,1
TTACCGCAGTCGTTAC-1,1
TTACCGCGTCCGAAAG-1,52
TTACCGCGTTGCCTAA-1,1
TTACCGCTCACTCACC-1,1
TTACGCCCACGTCGTG-1,14
TTACGCCGTCCGGTCA-1,1
TTACGCCGTCGTTGCG-1,1
TTACGCCGTGTCCTAA-1,1
TTACGCCTCAATGCAC-1,18
TTACGTTGTCCAGCCA-1,1
TTACGTTGTTTACGAC-1,89
TTACGTTTCTCGCTTG-1,37
TTACTGTAGGCTGGAT-1,1
TTACTGTCATACATCG-1,36
TTACTGTGTAAGAACT-1,18
TTACTGTGTTAAGGGC-1,29
TTACTGTTCACTACTT-1,1
TTAGGCAAGCATGCAG-1,1
TTAGGCAAGCCAAGGT-1,1
TTAGGCAAGCCGATAG-1,1
TTAGGCAGTCATAAAG-1,1
TTAGGGTCAGGTCAGA-1,10
TTAGGGTGTCACATTG-1,42
TTAGTCTAGATGCAGC-1,1
TTAGTCTCAATTTCGG-1,1
TTAGTCTCACGTATAC-1,21
TTAGTCTTCGAAGAAT-1,1
TTATTGCAGCCGTTGC-1,1
TTATTGCCAAACGGCA-1,30
TTATTGCGTAATGATG-1,1
TTATTGCGTACGTAGG-1,18
TTATTGCGTCAAAGAT-1,1
TTATTGCGTCAACACT-1,24
TTATTGCGTGTCTTCC-1,29
TTATTGCTCTCAGGCG-1,1
TTATTGCTCTGCGTCT-1,1
TTCAATCGTAACAAGT-1,1
TTCAATCGTATGTCCA-1,4
TTCACCGAGCTCTTCC-1,1
TTCACCGCAGCCCAGT-1,24
TTCACCGTCATCCTAT-1,2
TTCACGCGTATTGAGA-1,1
TTCACGCGTGGGTCAA-1,4
TTCACGCGTTAAGTCC-1,27
TTCACGCTCCGCAGTG-1,1
TTCACGCTCTATCCAT-1,33
TTCAGGAAGATTGGGC-1,12
TTCAGGAAGTGGCAGT-1,1
TTCAGGACATCCTTCG-1,1
TTCAGGAGTCTACAAC-1,26
TTCAGGAGTGCATGAG-1,1
TTCATGTAGGTCATAA-1,24
TTCATGTCACAGTCCG-1,1
TTCATGTCACTCACGG-1,1
TTCATGTCATAGAAAC-1,1
TTCATGTGTTGCTCCT-1,1
TTCATGTTCCACCCTA-1,1
TTCATGTTCTCTGGTC-1,6
TTCATTGGTACGAAAT-1,19
TTCATTGTCAGCTTCC-1,3
TTCCAATTCATTACGG-1,1
TTCCAATTCGATAACC-1,1
TTCCAATTCGCTACGG-1,1
TTCCAATTCGGACTGC-1,1
TTCCACGAGAGGATCC-1,1
TTCCACGAGAGGTTAT-1,1
TTCCACGAGGAAGTGA-1,5
TTCCACGCACAACGTT-1,1
TTCCACGCACACTTCC-1,1
TTCCACGGTCAACACT-1,42
TTCCACGGTCCATACA-1,1
TTCCACGTCAAGTAAG-1,1
TTCCACGTCCCTTCCC-1,1
TTCCGGTAGTACTGTC-1,1
TTCCGGTCAGGGACTA-1,1
TTCCGGTCATTGCTTT-1,1
TTCCGTGAGATTGATG-1,1
TTCCGTGCAAGCACCC-1,1
TTCCGTGCACATATGC-1,1
TTCCGTGCACTCACTC-1,23
TTCCGTGGTAGGAGTC-1,1
TTCCGTGGTGAGACGT-1,1
TTCCGTGGTTCCAGGC-1,34
TTCCTAAGTGACGTCC-1,3
TTCCTAAGTTGCGGAA-1,1
TTCCTCTCAGTGGCTC-1,1
TTCCTCTCAGTGTGCC-1,1
TTCCTCTCATGTGGCC-1,1
TTCCTCTGTACCTGTA-1,42
TTCCTCTGTCTTAGTG-1,1
TTCCTCTTCATTCATC-1,1
TTCCTTCAGCCTCAAT-1,4
TTCCTTCAGGTAGTCG-1,10
TTCCTTCAGTAGTCAA-1,21
TTCCTTCAGTGAGGCT-1,1
TTCCTTCGTAAGTCAA-1,1
TTCCTTCGTGACACGA-1,27
TTCCTTCGTGTTCCTC-1,1
TTCCTTCTCGGTCATA-1,1
TTCGATTGTTGATGTC-1,1
TTCGATTTCTGACCCT-1,3
TTCGCTGAGGGTTAGC-1,51
TTCGCTGAGGTTCCGC-1,26
TTCGCTGCACTAGTAC-1,21
TTCGCTGGTAAGCGGT-1,1
TTCGCTGTCGGACTGC-1,19
TTCGGTCCAGTTAGGG-1,2
TTCTAACAGTCCGCCA-1,1
TTCTAACCAAAGGGCT-1,1
TTCTAACCAACAGAGC-1,1
TTCTAACGTCGGATTT-1,1
TTCTAACTCAAACCCA-1,1
TTCTAACTCACGGACC-1,1
TTCTAGTAGACCTCAT-1,1
TTCTAGTAGCGTCAAG-1,1
TTCTCTCAGAGAGTTT-1,1
TTCTCTCGTATCGTAC-1,33
TTCTCTCGTCCCACGA-1,1
TTCTCTCGTGGGTATG-1,1
TTCTCTCGTGGTTTGT-1,1
TTCTCTCTCCCTGTTG-1,1
TTCTGTAAGACTGGGT-1,1
TTCTGTACAAGAGGTC-1,1
TTCTGTAGTATACCTG-1,1
TTCTTCCTCAGGACAG-1,1
TTCTTCCTCCCTCTCC-1,3
TTCTTCCTCCTTTCCC-1,1
TTCTTGAGTACAAAGT-1,1
TTCTTGAGTCTTGCTC-1,9
TTGAACGAGTGTACAA-1,1
TTGAACGCAACTAGAA-1,1
TTGAACGCATCAGCTA-1,1
TTGAACGGTACGACTT-1,1
TTGAACGGTAGTGTGG-1,1
TTGAACGTCAATCGGT-1,1
TTGAACGTCTGAATGC-1,1
TTGACCCAGCGTTCAT-1,1
TTGACCCGTCCATACA-1,1
TTGACCCGTCTCGGGT-1,29
TTGACCCGTTCTCAGA-1,1
TTGACCCTCCGGGACT-1,1
TTGACCCTCGACGATT-1,1
TTGACCCTCGTAGTGT-1,32
TTGAGTGAGGATTCCT-1,1
TTGAGTGGTGTTGCCG-1,1
TTGATGGAGCGCGTTC-1,1
TTGATGGCAATACAGA-1,1
TTGATGGCATAAGATG-1,26
TTGATGGGTAGTTAGA-1,1
TTGATGGGTTGTCATG-1,1
TTGATGGGTTTCCAAG-1,1
TTGATGGTCGCTAAAC-1,11
TTGCATTCAATTAGGA-1,1
TTGCATTCACATTCGA-1,1
TTGCATTCACCTGATA-1,6
TTGCATTGTATGGAAT-1,1
TTGCATTGTGCCTTCT-1,55
TTGCATTTCGACATTG-1,1
TTGCATTTCGCCGATG-1,1
TTGCCTGAGAGTGACC-1,31
TTGCCTGAGTGGAAAG-1,39
TTGCCTGGTAACAGTA-1,1
TTGCCTGGTAGCTGCC-1,46
TTGCCTGTCACGGGAA-1,1
TTGCCTGTCTCATGCC-1,1
TTGCGTCAGATATGGC-1,1
TTGCGTCCAAGAGATT-1,1
TTGCGTCCAAGCTCTA-1,1
TTGCGTCCACGCCACA-1,1
TTGCGTCGTTTGTTCT-1,2
TTGCGTCTCACTGATG-1,1
TTGCGTCTCTCATGCC-1,1
TTGCTGCCAATTTCTC-1,2
TTGCTGCCACGGCCAT-1,1
TTGCTGCCATTGCCGG-1,69
TTGCTGCGTTCGGGTC-1,2
TTGCTGCTCACTTCTA-1,1
TTGGATGAGTTGAATG-1,1
TTGGATGGTAGTGCGA-1,1
TTGGATGTCGGAGCAA-1,1
TTGGGATCAACGGGTA-1,41
TTGGGATCAATCTGCA-1,1
TTGGGATCACACGTGC-1,1
TTGGGATGTCACCCTT-1,1
TTGGGATTCAGCAAGA-1,1
TTGGGATTCAGGAAGC-1,42
TTGGGATTCCTGTTGC-1,1
TTGGGATTCTCTCTAA-1,41
TTGGGCGAGGTTCATC-1,1
TTGGGCGCACGGTGAA-1,20
TTGGGCGGTCGAAACG-1,1
TTGGGCGGTCGGAAAC-1,19
TTGGGCGGTTCCTTGC-1,1
TTGGGTACAAATAAGC-1,1
TTGGGTAGTATAGGGC-1,1
TTGGGTAGTGCTAGCC-1,20
TTGGGTAGTTTCGATG-1,1
TTGGGTATCACCGACG-1,16
TTGGGTATCTGTCGTC-1,1
TTGGTTTAGATACTGA-1,1
TTGGTTTAGTCTAACC-1,1
TTGGTTTCACGGTCTG-1,1
TTGGTTTCACTGGATT-1,27
TTGGTTTTCGTTGCCT-1,1
TTGTGGACATCCTATT-1,1
TTGTGGAGTCCGTTTC-1,1
TTGTGGAGTGGCGTAA-1,1
TTGTGGATCGTCAGAT-1,1
TTGTGGATCTAAGAAG-1,29
TTGTGTTAGTAACGAT-1,1
TTGTGTTGTGTGTCCG-1,15
TTGTGTTGTTATAGAG-1,1
TTGTGTTTCCACACCT-1,1
TTGTGTTTCTTTCGAT-1,2
TTGTTCAAGCGCCTTG-1,1
TTGTTCAAGGCCTTCG-1,1
TTGTTCACACTTGTGA-1,90
TTGTTCACAGTCGCTG-1,48
TTGTTCAGTCACAGTT-1,1
TTGTTCATCATTTGTC-1,1
TTGTTCATCTTTACAC-1,10
TTGTTGTCAGACGGAT-1,1
TTGTTGTTCCATAGAC-1,1
TTGTTTGAGGTCGACA-1,13
TTGTTTGCACATGACT-1,1
TTGTTTGGTAACTAAG-1,1
TTGTTTGTCCAACCGG-1,11
TTTACCAAGATCCCGC-1,1
TTTACCACAGCCTACG-1,1
TTTACCATCCTTCTTC-1,1
TTTACGTAGGTCTTTG-1,1
TTTACGTCAATCTCGA-1,1
TTTACGTCACTCCCTA-1,2
TTTACGTTCAGGTGTT-1,1
TTTACGTTCCTACAAG-1,1
TTTACGTTCGACGAGA-1,1
TTTACTGAGAAACCCG-1,1
TTTACTGAGATCGCCC-1,1
TTTACTGCAGCTGTTA-1,1
TTTACTGCATAATCCG-1,1
TTTACTGGTGATAGAT-1,1
TTTACTGTCACGGGAA-1,16
TTTACTGTCTAGATCG-1,1
TTTAGTCAGAGCCGTA-1,1
TTTAGTCAGTTCGGTT-1,1
TTTAGTCGTTACACAC-1,2
TTTATGCAGATCCCAT-1,1
TTTATGCAGCCTGAAG-1,1
TTTATGCAGGACTATA-1,1
TTTATGCAGTTAGTAG-1,1
TTTATGCCACCGTGAC-1,1
TTTATGCCAGTGGCTC-1,15
TTTATGCCATACCATG-1,1
TTTATGCCATACCCAA-1,1
TTTATGCGTAACATAG-1,48
TTTATGCGTTGATCGT-1,49
TTTATGCTCACTCGAA-1,10
TTTATGCTCTGAGATC-1,1
TTTCACAAGACGACTG-1,1
TTTCACACAAAGGCGT-1,1
TTTCACAGTAGTGCGA-1,1
TTTCACAGTGTATACC-1,1
TTTCACATCGACGCTG-1,7
TTTCACATCGACGTCG-1,4
TTTCACATCTCAGGCG-1,18
TTTCAGTCACCAGCGT-1,1
TTTCAGTCACTAACGT-1,1
TTTCAGTGTCACTGAT-1,1
TTTCAGTTCGGTCATA-1,1
TTTCATGGTGCCTAAT-1,35
TTTCATGTCACTCACC-1,21
TTTCATGTCGGAGATG-1,1
TTTCCTCAGCCATTGT-1,1
TTTCCTCAGTTGAATG-1,1
TTTCCTCCACAGAGCA-1,24
TTTCCTCCACGTGAGA-1,2
TTTCCTCCAGTTCAGT-1,1
TTTCCTCGTATCGAGG-1,1
TTTCCTCGTGCTCCGA-1,1
TTTCCTCTCCTACACC-1,32
TTTCCTCTCTCTTGCG-1,50
TTTCGATAGGTTACAA-1,1
TTTCGATCAGTCTACA-1,2
TTTCGATGTCGTTTCC-1,1
TTTCGATGTGCGTGCT-1,1
TTTGACTAGCAAATCA-1,1
TTTGACTAGCTGAAAT-1,1
TTTGACTAGCTGAGCA-1,1
TTTGACTCACGTAGAG-1,1
TTTGACTTCATTTGCT-1,1
TTTGATCAGAAACTCA-1,1
TTTGATCGTGGACCTC-1,1
TTTGATCTCACGGGCT-1,1
TTTGATCTCTTTGGAG-1,26
TTTGGTTAGACGCTCC-1,1
TTTGGTTAGCACCGTC-1,1
TTTGGTTAGTAAATGC-1,1
TTTGGTTAGTAACCTC-1,27
TTTGGTTAGTGCACCC-1,1
TTTGGTTCATGCACTA-1,1
TTTGGTTGTAGAATAC-1,41
TTTGGTTGTGCATGAG-1,1
TTTGGTTGTGCCTGCA-1,1
TTTGGTTTCGCCGTGA-1,1
TTTGTTGCAATTAGGA-1,19
TTTGTTGCATCTGCGG-1,1
TTTGTTGTCTCAACGA-1,1
