region	bits	format	rep	elapsed_s	max_rss_kb	bytes
1x	8	LDZip	1	0.14	9628	7604920
1x	8	LDZip	2	0.14	9512	7604920
1x	8	LDZip	3	0.14	9352	7604920
1x	8	DuckDB-COPY	1	0.21	184320	970046
1x	8	DuckDB-COPY	2	0.19	187040	970046
1x	8	DuckDB-COPY	3	0.21	201600	970046
1x	16	LDZip	1	0.14	9156	7900653
1x	16	LDZip	2	0.14	9348	7900653
1x	16	LDZip	3	0.15	9060	7900653
1x	16	DuckDB-COPY	1	0.21	197920	1630252
1x	16	DuckDB-COPY	2	0.20	185120	1630252
1x	16	DuckDB-COPY	3	0.21	192640	1630252
2x	8	LDZip	1	0.31	12608	15604832
2x	8	LDZip	2	0.30	12720	15604832
2x	8	LDZip	3	0.32	12128	15604832
2x	8	DuckDB-COPY	1	0.30	332160	2720611
2x	8	DuckDB-COPY	2	0.32	332800	2720611
2x	8	DuckDB-COPY	3	0.33	330080	2720611
2x	16	LDZip	1	0.32	12660	16406946
2x	16	LDZip	2	0.33	12672	16406946
2x	16	LDZip	3	0.32	12832	16406946
2x	16	DuckDB-COPY	1	0.33	333760	4309438
2x	16	DuckDB-COPY	2	0.33	341920	4309438
2x	16	DuckDB-COPY	3	0.32	341600	4309438
4x	8	LDZip	1	0.79	19060	31704187
4x	8	LDZip	2	0.79	19076	31704187
4x	8	LDZip	3	0.78	19248	31704187
4x	8	DuckDB-COPY	1	0.57	639200	6374613
4x	8	DuckDB-COPY	2	0.57	660320	6374613
4x	8	DuckDB-COPY	3	0.58	672960	6374613
4x	16	LDZip	1	0.80	19312	33559682
4x	16	LDZip	2	0.80	19244	33559682
4x	16	LDZip	3	0.80	19268	33559682
4x	16	DuckDB-COPY	1	0.60	684160	9874097
4x	16	DuckDB-COPY	2	0.60	654720	9874097
4x	16	DuckDB-COPY	3	0.61	681600	9874097
