"engine"	"bits"	"n"	"threads"	"status"	"error"
"tinycc"	8	1000	1	"PASS"	""
"sql"	8	1000	1	"PASS"	""
"tinycc"	8	1000	4	"PASS"	""
"sql"	8	1000	4	"PASS"	""
"tinycc"	8	2000	1	"PASS"	""
"sql"	8	2000	1	"PASS"	""
"tinycc"	8	2000	4	"PASS"	""
"sql"	8	2000	4	"PASS"	""
"tinycc"	8	4000	1	"PASS"	""
"sql"	8	4000	1	"RESOURCE_FAIL"	"Invalid Error: Out of Memory Error: could not allocate block of size 256.0 KiB (1023.7 MiB/1.0 GiB used) Possible solutions: * Reducing the number of threads (SET threads=X) * Disabling insertion-order preservation (SET preserve_insertion_order=false) * Increasing the memory limit (SET memory_limit='...GB') See also https://duckdb.org/docs/stable/guides/performance/how_to_tune_workloads ℹ Context: rapi_execute ℹ Error type: INVALID"
"tinycc"	8	4000	4	"PASS"	""
"sql"	8	4000	4	"RESOURCE_FAIL"	"Invalid Error: Out of Memory Error: failed to allocate data of size 16.0 KiB (1.0 GiB/1.0 GiB used) Possible solutions: * Reducing the number of threads (SET threads=X) * Disabling insertion-order preservation (SET preserve_insertion_order=false) * Increasing the memory limit (SET memory_limit='...GB') See also https://duckdb.org/docs/stable/guides/performance/how_to_tune_workloads ℹ Context: rapi_execute ℹ Error type: INVALID"
"tinycc"	8	5000	1	"PASS"	""
"sql"	8	5000	1	"RESOURCE_FAIL"	"Invalid Error: Out of Memory Error: could not allocate block of size 256.0 KiB (1023.8 MiB/1.0 GiB used) Possible solutions: * Reducing the number of threads (SET threads=X) * Disabling insertion-order preservation (SET preserve_insertion_order=false) * Increasing the memory limit (SET memory_limit='...GB') See also https://duckdb.org/docs/stable/guides/performance/how_to_tune_workloads ℹ Context: rapi_execute ℹ Error type: INVALID"
"tinycc"	8	5000	4	"PASS"	""
"sql"	8	5000	4	"RESOURCE_FAIL"	"Invalid Error: Out of Memory Error: failed to pin block of size 256.0 KiB (1023.9 MiB/1.0 GiB used) Possible solutions: * Reducing the number of threads (SET threads=X) * Disabling insertion-order preservation (SET preserve_insertion_order=false) * Increasing the memory limit (SET memory_limit='...GB') See also https://duckdb.org/docs/stable/guides/performance/how_to_tune_workloads ℹ Context: rapi_execute ℹ Error type: INVALID"
"tinycc"	16	1000	1	"PASS"	""
"sql"	16	1000	1	"PASS"	""
"tinycc"	16	1000	4	"PASS"	""
"sql"	16	1000	4	"PASS"	""
"tinycc"	16	2000	1	"PASS"	""
"sql"	16	2000	1	"PASS"	""
"tinycc"	16	2000	4	"PASS"	""
"sql"	16	2000	4	"PASS"	""
"tinycc"	16	4000	1	"PASS"	""
"sql"	16	4000	1	"RESOURCE_FAIL"	"Invalid Error: Out of Memory Error: could not allocate block of size 256.0 KiB (1.0 GiB/1.0 GiB used) Possible solutions: * Reducing the number of threads (SET threads=X) * Disabling insertion-order preservation (SET preserve_insertion_order=false) * Increasing the memory limit (SET memory_limit='...GB') See also https://duckdb.org/docs/stable/guides/performance/how_to_tune_workloads ℹ Context: rapi_execute ℹ Error type: INVALID"
"tinycc"	16	4000	4	"PASS"	""
"sql"	16	4000	4	"RESOURCE_FAIL"	"Invalid Error: Out of Memory Error: failed to allocate data of size 16.0 KiB (1023.9 MiB/1.0 GiB used) Possible solutions: * Reducing the number of threads (SET threads=X) * Disabling insertion-order preservation (SET preserve_insertion_order=false) * Increasing the memory limit (SET memory_limit='...GB') See also https://duckdb.org/docs/stable/guides/performance/how_to_tune_workloads ℹ Context: rapi_execute ℹ Error type: INVALID"
"tinycc"	16	5000	1	"PASS"	""
"sql"	16	5000	1	"RESOURCE_FAIL"	"Invalid Error: Out of Memory Error: could not allocate block of size 256.0 KiB (1023.8 MiB/1.0 GiB used) Possible solutions: * Reducing the number of threads (SET threads=X) * Disabling insertion-order preservation (SET preserve_insertion_order=false) * Increasing the memory limit (SET memory_limit='...GB') See also https://duckdb.org/docs/stable/guides/performance/how_to_tune_workloads ℹ Context: rapi_execute ℹ Error type: INVALID"
"tinycc"	16	5000	4	"PASS"	""
"sql"	16	5000	4	"RESOURCE_FAIL"	"Invalid Error: Out of Memory Error: failed to pin block of size 256.0 KiB (1023.9 MiB/1.0 GiB used) Possible solutions: * Reducing the number of threads (SET threads=X) * Disabling insertion-order preservation (SET preserve_insertion_order=false) * Increasing the memory limit (SET memory_limit='...GB') See also https://duckdb.org/docs/stable/guides/performance/how_to_tune_workloads ℹ Context: rapi_execute ℹ Error type: INVALID"
