"engine"	"operation"	"cells"	"threads"	"replicate"	"status"	"error"	"elapsed_s"	"measured_s"	"iterations"	"peak_rss_bytes"	"exit_code"	"stdout"	"stderr"	"input_records"	"input_bytes"	"prepared_bytes"
"gravlax"	"prepare"	1024	1	1	"PASS"	NA	0.365642857142857	5.119	14	99864576	0	"/root/duckseq/demos/aie/work/benchmark-controlled-t1/n1024/prepare-gravlax-r1.out"	"/root/duckseq/demos/aie/work/benchmark-controlled-t1/gravlax-prepare-n1024-r1"	28672	229066	8373
"sql"	"prepare"	1024	1	1	"PASS"	NA	0.5026	5.026	10	168095744	0	"/root/duckseq/demos/aie/work/benchmark-controlled-t1/n1024/prepare-sql-r1.out"	"/root/duckseq/demos/aie/work/benchmark-controlled-t1/sql-prepare-n1024-r1"	28672	229066	1316765
"gravlax"	"region"	1024	1	1	"PASS"	NA	0.00716618911174775	5.00199999999993	698	14745600	0	"/root/duckseq/demos/aie/work/benchmark-controlled-t1/n1024/region-gravlax-r1.tsv"	"/root/duckseq/demos/aie/work/benchmark-controlled-t1/gravlax-region-n1024-r1"	28672	NA	NA
"sql"	"region"	1024	1	1	"PASS"	NA	0.0261989528795811	5.00399999999999	191	39636992	0	"/root/duckseq/demos/aie/work/benchmark-controlled-t1/n1024/region-sql-r1.csv"	"/root/duckseq/demos/aie/work/benchmark-controlled-t1/sql-region-n1024-r1"	28672	NA	NA
"gravlax"	"junction"	1024	1	1	"PASS"	NA	0.00627979924717683	5.00499999999993	797	14581760	0	"/root/duckseq/demos/aie/work/benchmark-controlled-t1/n1024/junction-gravlax-r1.tsv"	"/root/duckseq/demos/aie/work/benchmark-controlled-t1/gravlax-junction-n1024-r1"	28672	NA	NA
"sql"	"junction"	1024	1	1	"PASS"	NA	0.0309012345679012	5.00599999999999	162	40280064	0	"/root/duckseq/demos/aie/work/benchmark-controlled-t1/n1024/junction-sql-r1.csv"	"/root/duckseq/demos/aie/work/benchmark-controlled-t1/sql-junction-n1024-r1"	28672	NA	NA
"gravlax"	"prepare"	1024	1	2	"PASS"	NA	0.365785714285714	5.121	14	99659776	0	"/root/duckseq/demos/aie/work/benchmark-controlled-t1/n1024/prepare-gravlax-r2.out"	"/root/duckseq/demos/aie/work/benchmark-controlled-t1/gravlax-prepare-n1024-r2"	28672	229066	8373
"sql"	"prepare"	1024	1	2	"PASS"	NA	0.505100000000002	5.05100000000002	10	168247296	0	"/root/duckseq/demos/aie/work/benchmark-controlled-t1/n1024/prepare-sql-r2.out"	"/root/duckseq/demos/aie/work/benchmark-controlled-t1/sql-prepare-n1024-r2"	28672	229066	1316765
"gravlax"	"region"	1024	1	2	"PASS"	NA	0.007083569405099	5.00099999999989	706	14745600	0	"/root/duckseq/demos/aie/work/benchmark-controlled-t1/n1024/region-gravlax-r2.tsv"	"/root/duckseq/demos/aie/work/benchmark-controlled-t1/gravlax-region-n1024-r2"	28672	NA	NA
"sql"	"region"	1024	1	2	"PASS"	NA	0.0260414507772016	5.02599999999991	193	39616512	0	"/root/duckseq/demos/aie/work/benchmark-controlled-t1/n1024/region-sql-r2.csv"	"/root/duckseq/demos/aie/work/benchmark-controlled-t1/sql-region-n1024-r2"	28672	NA	NA
"gravlax"	"junction"	1024	1	2	"PASS"	NA	0.0062421972534333	5.00000000000007	801	14581760	0	"/root/duckseq/demos/aie/work/benchmark-controlled-t1/n1024/junction-gravlax-r2.tsv"	"/root/duckseq/demos/aie/work/benchmark-controlled-t1/gravlax-junction-n1024-r2"	28672	NA	NA
"sql"	"junction"	1024	1	2	"PASS"	NA	0.0305060975609756	5.003	164	40325120	0	"/root/duckseq/demos/aie/work/benchmark-controlled-t1/n1024/junction-sql-r2.csv"	"/root/duckseq/demos/aie/work/benchmark-controlled-t1/sql-junction-n1024-r2"	28672	NA	NA
"gravlax"	"prepare"	1024	1	3	"PASS"	NA	0.364500000000001	5.10300000000001	14	99610624	0	"/root/duckseq/demos/aie/work/benchmark-controlled-t1/n1024/prepare-gravlax-r3.out"	"/root/duckseq/demos/aie/work/benchmark-controlled-t1/gravlax-prepare-n1024-r3"	28672	229066	8373
"sql"	"prepare"	1024	1	3	"PASS"	NA	0.505399999999997	5.05399999999997	10	168112128	0	"/root/duckseq/demos/aie/work/benchmark-controlled-t1/n1024/prepare-sql-r3.out"	"/root/duckseq/demos/aie/work/benchmark-controlled-t1/sql-prepare-n1024-r3"	28672	229066	1316765
"gravlax"	"region"	1024	1	3	"PASS"	NA	0.00721933621933628	5.00300000000004	693	14745600	0	"/root/duckseq/demos/aie/work/benchmark-controlled-t1/n1024/region-gravlax-r3.tsv"	"/root/duckseq/demos/aie/work/benchmark-controlled-t1/gravlax-region-n1024-r3"	28672	NA	NA
"sql"	"region"	1024	1	3	"PASS"	NA	0.0279000000000009	5.02200000000016	180	39612416	0	"/root/duckseq/demos/aie/work/benchmark-controlled-t1/n1024/region-sql-r3.csv"	"/root/duckseq/demos/aie/work/benchmark-controlled-t1/sql-region-n1024-r3"	28672	NA	NA
"gravlax"	"junction"	1024	1	3	"PASS"	NA	0.00672311827956968	5.00199999999984	744	14745600	0	"/root/duckseq/demos/aie/work/benchmark-controlled-t1/n1024/junction-gravlax-r3.tsv"	"/root/duckseq/demos/aie/work/benchmark-controlled-t1/gravlax-junction-n1024-r3"	28672	NA	NA
"sql"	"junction"	1024	1	3	"PASS"	NA	0.0306809815950921	5.001	163	40321024	0	"/root/duckseq/demos/aie/work/benchmark-controlled-t1/n1024/junction-sql-r3.csv"	"/root/duckseq/demos/aie/work/benchmark-controlled-t1/sql-junction-n1024-r3"	28672	NA	NA
"gravlax"	"prepare"	2048	1	1	"PASS"	NA	0.376785714285719	5.27500000000006	14	103309312	0	"/root/duckseq/demos/aie/work/benchmark-controlled-t1/n2048/prepare-gravlax-r1.out"	"/root/duckseq/demos/aie/work/benchmark-controlled-t1/gravlax-prepare-n2048-r1"	57344	455766	13681
"sql"	"prepare"	2048	1	1	"PASS"	NA	0.930999999999993	5.58599999999996	6	242544640	0	"/root/duckseq/demos/aie/work/benchmark-controlled-t1/n2048/prepare-sql-r1.out"	"/root/duckseq/demos/aie/work/benchmark-controlled-t1/sql-prepare-n2048-r1"	57344	455766	2659519
"gravlax"	"region"	2048	1	1	"PASS"	NA	0.0112152466367718	5.00200000000021	446	16875520	0	"/root/duckseq/demos/aie/work/benchmark-controlled-t1/n2048/region-gravlax-r1.tsv"	"/root/duckseq/demos/aie/work/benchmark-controlled-t1/gravlax-region-n2048-r1"	57344	NA	NA
"sql"	"region"	2048	1	1	"PASS"	NA	0.0362898550724649	5.00800000000015	138	46620672	0	"/root/duckseq/demos/aie/work/benchmark-controlled-t1/n2048/region-sql-r1.csv"	"/root/duckseq/demos/aie/work/benchmark-controlled-t1/sql-region-n2048-r1"	57344	NA	NA
"gravlax"	"junction"	2048	1	1	"PASS"	NA	0.00823190789473534	5.00499999999909	608	16711680	0	"/root/duckseq/demos/aie/work/benchmark-controlled-t1/n2048/junction-gravlax-r1.tsv"	"/root/duckseq/demos/aie/work/benchmark-controlled-t1/gravlax-junction-n2048-r1"	57344	NA	NA
"sql"	"junction"	2048	1	1	"PASS"	NA	0.0404919354838704	5.02099999999993	124	44150784	0	"/root/duckseq/demos/aie/work/benchmark-controlled-t1/n2048/junction-sql-r1.csv"	"/root/duckseq/demos/aie/work/benchmark-controlled-t1/sql-junction-n2048-r1"	57344	NA	NA
"gravlax"	"prepare"	2048	1	2	"PASS"	NA	0.37528571428571	5.25399999999993	14	103088128	0	"/root/duckseq/demos/aie/work/benchmark-controlled-t1/n2048/prepare-gravlax-r2.out"	"/root/duckseq/demos/aie/work/benchmark-controlled-t1/gravlax-prepare-n2048-r2"	57344	455766	13681
"sql"	"prepare"	2048	1	2	"PASS"	NA	0.955500000000005	5.73300000000003	6	242675712	0	"/root/duckseq/demos/aie/work/benchmark-controlled-t1/n2048/prepare-sql-r2.out"	"/root/duckseq/demos/aie/work/benchmark-controlled-t1/sql-prepare-n2048-r2"	57344	455766	2659519
"gravlax"	"region"	2048	1	2	"PASS"	NA	0.0100542168674696	5.00699999999986	498	16875520	0	"/root/duckseq/demos/aie/work/benchmark-controlled-t1/n2048/region-gravlax-r2.tsv"	"/root/duckseq/demos/aie/work/benchmark-controlled-t1/gravlax-region-n2048-r2"	57344	NA	NA
"sql"	"region"	2048	1	2	"PASS"	NA	0.0363188405797083	5.01199999999974	138	46780416	0	"/root/duckseq/demos/aie/work/benchmark-controlled-t1/n2048/region-sql-r2.csv"	"/root/duckseq/demos/aie/work/benchmark-controlled-t1/sql-region-n2048-r2"	57344	NA	NA
"gravlax"	"junction"	2048	1	2	"PASS"	NA	0.00838358458961511	5.00500000000022	597	16711680	0	"/root/duckseq/demos/aie/work/benchmark-controlled-t1/n2048/junction-gravlax-r2.tsv"	"/root/duckseq/demos/aie/work/benchmark-controlled-t1/gravlax-junction-n2048-r2"	57344	NA	NA
"sql"	"junction"	2048	1	2	"PASS"	NA	0.0405564516129032	5.029	124	44023808	0	"/root/duckseq/demos/aie/work/benchmark-controlled-t1/n2048/junction-sql-r2.csv"	"/root/duckseq/demos/aie/work/benchmark-controlled-t1/sql-junction-n2048-r2"	57344	NA	NA
"gravlax"	"prepare"	2048	1	3	"PASS"	NA	0.374357142857142	5.24099999999999	14	103436288	0	"/root/duckseq/demos/aie/work/benchmark-controlled-t1/n2048/prepare-gravlax-r3.out"	"/root/duckseq/demos/aie/work/benchmark-controlled-t1/gravlax-prepare-n2048-r3"	57344	455766	13681
"sql"	"prepare"	2048	1	3	"PASS"	NA	0.925166666666665	5.55099999999999	6	242843648	0	"/root/duckseq/demos/aie/work/benchmark-controlled-t1/n2048/prepare-sql-r3.out"	"/root/duckseq/demos/aie/work/benchmark-controlled-t1/sql-prepare-n2048-r3"	57344	455766	2659519
"gravlax"	"region"	2048	1	3	"PASS"	NA	0.0100000000000017	5.00000000000085	500	16875520	0	"/root/duckseq/demos/aie/work/benchmark-controlled-t1/n2048/region-gravlax-r3.tsv"	"/root/duckseq/demos/aie/work/benchmark-controlled-t1/gravlax-region-n2048-r3"	57344	NA	NA
"sql"	"region"	2048	1	3	"PASS"	NA	0.0357714285714297	5.00800000000015	140	46661632	0	"/root/duckseq/demos/aie/work/benchmark-controlled-t1/n2048/region-sql-r3.csv"	"/root/duckseq/demos/aie/work/benchmark-controlled-t1/sql-region-n2048-r3"	57344	NA	NA
"gravlax"	"junction"	2048	1	3	"PASS"	NA	0.00819999999999899	5.00199999999938	610	16711680	0	"/root/duckseq/demos/aie/work/benchmark-controlled-t1/n2048/junction-gravlax-r3.tsv"	"/root/duckseq/demos/aie/work/benchmark-controlled-t1/gravlax-junction-n2048-r3"	57344	NA	NA
"sql"	"junction"	2048	1	3	"PASS"	NA	0.0424491525423769	5.00900000000047	118	44187648	0	"/root/duckseq/demos/aie/work/benchmark-controlled-t1/n2048/junction-sql-r3.csv"	"/root/duckseq/demos/aie/work/benchmark-controlled-t1/sql-junction-n2048-r3"	57344	NA	NA
"gravlax"	"prepare"	4096	1	1	"PASS"	NA	0.509099999999995	5.09099999999995	10	110510080	0	"/root/duckseq/demos/aie/work/benchmark-controlled-t1/n4096/prepare-gravlax-r1.out"	"/root/duckseq/demos/aie/work/benchmark-controlled-t1/gravlax-prepare-n4096-r1"	114688	908599	26243
"sql"	"prepare"	4096	1	1	"PASS"	NA	2.946	5.892	2	399212544	0	"/root/duckseq/demos/aie/work/benchmark-controlled-t1/n4096/prepare-sql-r1.out"	"/root/duckseq/demos/aie/work/benchmark-controlled-t1/sql-prepare-n4096-r1"	114688	908599	5397357
"gravlax"	"region"	4096	1	1	"PASS"	NA	0.0194108527131749	5.00799999999913	258	21135360	0	"/root/duckseq/demos/aie/work/benchmark-controlled-t1/n4096/region-gravlax-r1.tsv"	"/root/duckseq/demos/aie/work/benchmark-controlled-t1/gravlax-region-n4096-r1"	114688	NA	NA
"sql"	"region"	4096	1	1	"PASS"	NA	0.0778153846153801	5.05799999999971	65	55529472	0	"/root/duckseq/demos/aie/work/benchmark-controlled-t1/n4096/region-sql-r1.csv"	"/root/duckseq/demos/aie/work/benchmark-controlled-t1/sql-region-n4096-r1"	114688	NA	NA
"gravlax"	"junction"	4096	1	1	"PASS"	NA	0.0150662650602417	5.00200000000024	332	20807680	0	"/root/duckseq/demos/aie/work/benchmark-controlled-t1/n4096/junction-gravlax-r1.tsv"	"/root/duckseq/demos/aie/work/benchmark-controlled-t1/gravlax-junction-n4096-r1"	114688	NA	NA
"sql"	"junction"	4096	1	1	"PASS"	NA	0.0788281250000002	5.04500000000002	64	52875264	0	"/root/duckseq/demos/aie/work/benchmark-controlled-t1/n4096/junction-sql-r1.csv"	"/root/duckseq/demos/aie/work/benchmark-controlled-t1/sql-junction-n4096-r1"	114688	NA	NA
"gravlax"	"prepare"	4096	1	2	"PASS"	NA	0.449583333333322	5.39499999999987	12	110280704	0	"/root/duckseq/demos/aie/work/benchmark-controlled-t1/n4096/prepare-gravlax-r2.out"	"/root/duckseq/demos/aie/work/benchmark-controlled-t1/gravlax-prepare-n4096-r2"	114688	908599	26243
"sql"	"prepare"	4096	1	2	"PASS"	NA	2.19366666666669	6.58100000000007	3	399917056	0	"/root/duckseq/demos/aie/work/benchmark-controlled-t1/n4096/prepare-sql-r2.out"	"/root/duckseq/demos/aie/work/benchmark-controlled-t1/sql-prepare-n4096-r2"	114688	908599	5397357
"gravlax"	"region"	4096	1	2	"PASS"	NA	0.0159522292993638	5.00900000000024	314	21135360	0	"/root/duckseq/demos/aie/work/benchmark-controlled-t1/n4096/region-gravlax-r2.tsv"	"/root/duckseq/demos/aie/work/benchmark-controlled-t1/gravlax-region-n4096-r2"	114688	NA	NA
"sql"	"region"	4096	1	2	"PASS"	NA	0.0546847826086945	5.03099999999989	92	55558144	0	"/root/duckseq/demos/aie/work/benchmark-controlled-t1/n4096/region-sql-r2.csv"	"/root/duckseq/demos/aie/work/benchmark-controlled-t1/sql-region-n4096-r2"	114688	NA	NA
"gravlax"	"junction"	4096	1	2	"PASS"	NA	0.011864928909954	5.00700000000057	422	20807680	0	"/root/duckseq/demos/aie/work/benchmark-controlled-t1/n4096/junction-gravlax-r2.tsv"	"/root/duckseq/demos/aie/work/benchmark-controlled-t1/gravlax-junction-n4096-r2"	114688	NA	NA
"sql"	"junction"	4096	1	2	"PASS"	NA	0.0614146341463436	5.03600000000017	82	52961280	0	"/root/duckseq/demos/aie/work/benchmark-controlled-t1/n4096/junction-sql-r2.csv"	"/root/duckseq/demos/aie/work/benchmark-controlled-t1/sql-junction-n4096-r2"	114688	NA	NA
"gravlax"	"prepare"	4096	1	3	"PASS"	NA	0.451333333333324	5.41599999999988	12	109985792	0	"/root/duckseq/demos/aie/work/benchmark-controlled-t1/n4096/prepare-gravlax-r3.out"	"/root/duckseq/demos/aie/work/benchmark-controlled-t1/gravlax-prepare-n4096-r3"	114688	908599	26243
"sql"	"prepare"	4096	1	3	"PASS"	NA	1.86566666666666	5.59699999999998	3	399482880	0	"/root/duckseq/demos/aie/work/benchmark-controlled-t1/n4096/prepare-sql-r3.out"	"/root/duckseq/demos/aie/work/benchmark-controlled-t1/sql-prepare-n4096-r3"	114688	908599	5397357
"gravlax"	"region"	4096	1	3	"PASS"	NA	0.0154953560371505	5.0049999999996	323	21299200	0	"/root/duckseq/demos/aie/work/benchmark-controlled-t1/n4096/region-gravlax-r3.tsv"	"/root/duckseq/demos/aie/work/benchmark-controlled-t1/gravlax-region-n4096-r3"	114688	NA	NA
"sql"	"region"	4096	1	3	"PASS"	NA	0.0532765957446843	5.00800000000032	94	55668736	0	"/root/duckseq/demos/aie/work/benchmark-controlled-t1/n4096/region-sql-r3.csv"	"/root/duckseq/demos/aie/work/benchmark-controlled-t1/sql-region-n4096-r3"	114688	NA	NA
"gravlax"	"junction"	4096	1	3	"PASS"	NA	0.0117511737089175	5.00599999999883	426	20807680	0	"/root/duckseq/demos/aie/work/benchmark-controlled-t1/n4096/junction-gravlax-r3.tsv"	"/root/duckseq/demos/aie/work/benchmark-controlled-t1/gravlax-junction-n4096-r3"	114688	NA	NA
"sql"	"junction"	4096	1	3	"PASS"	NA	0.061499999999998	5.04299999999984	82	52670464	0	"/root/duckseq/demos/aie/work/benchmark-controlled-t1/n4096/junction-sql-r3.csv"	"/root/duckseq/demos/aie/work/benchmark-controlled-t1/sql-junction-n4096-r3"	114688	NA	NA
"gravlax"	"prepare"	1024	4	1	"PASS"	NA	0.146257142857143	5.119	35	350334976	0	"/root/duckseq/demos/aie/work/benchmark-controlled-t4/n1024/prepare-gravlax-r1.out"	"/root/duckseq/demos/aie/work/benchmark-controlled-t4/gravlax-prepare-n1024-r1"	28672	229066	8373
"sql"	"prepare"	1024	4	1	"PASS"	NA	0.412384615384616	5.361	13	234369024	0	"/root/duckseq/demos/aie/work/benchmark-controlled-t4/n1024/prepare-sql-r1.out"	"/root/duckseq/demos/aie/work/benchmark-controlled-t4/sql-prepare-n1024-r1"	28672	229066	1316765
"gravlax"	"region"	1024	4	1	"PASS"	NA	0.00735095447870783	5.00600000000003	681	14745600	0	"/root/duckseq/demos/aie/work/benchmark-controlled-t4/n1024/region-gravlax-r1.tsv"	"/root/duckseq/demos/aie/work/benchmark-controlled-t4/gravlax-region-n1024-r1"	28672	NA	NA
"sql"	"region"	1024	4	1	"PASS"	NA	0.0252525252525253	5.00000000000001	198	46608384	0	"/root/duckseq/demos/aie/work/benchmark-controlled-t4/n1024/region-sql-r1.csv"	"/root/duckseq/demos/aie/work/benchmark-controlled-t4/sql-region-n1024-r1"	28672	NA	NA
"gravlax"	"junction"	1024	4	1	"PASS"	NA	0.00641538461538473	5.00400000000009	780	14745600	0	"/root/duckseq/demos/aie/work/benchmark-controlled-t4/n1024/junction-gravlax-r1.tsv"	"/root/duckseq/demos/aie/work/benchmark-controlled-t4/gravlax-junction-n1024-r1"	28672	NA	NA
"sql"	"junction"	1024	4	1	"PASS"	NA	0.0295058823529412	5.01600000000001	170	47144960	0	"/root/duckseq/demos/aie/work/benchmark-controlled-t4/n1024/junction-sql-r1.csv"	"/root/duckseq/demos/aie/work/benchmark-controlled-t4/sql-junction-n1024-r1"	28672	NA	NA
"gravlax"	"prepare"	1024	4	2	"PASS"	NA	0.146742857142856	5.13599999999996	35	352632832	0	"/root/duckseq/demos/aie/work/benchmark-controlled-t4/n1024/prepare-gravlax-r2.out"	"/root/duckseq/demos/aie/work/benchmark-controlled-t4/gravlax-prepare-n1024-r2"	28672	229066	8373
"sql"	"prepare"	1024	4	2	"PASS"	NA	0.406000000000001	5.27800000000001	13	235130880	0	"/root/duckseq/demos/aie/work/benchmark-controlled-t4/n1024/prepare-sql-r2.out"	"/root/duckseq/demos/aie/work/benchmark-controlled-t4/sql-prepare-n1024-r2"	28672	229066	1316765
"gravlax"	"region"	1024	4	2	"PASS"	NA	0.00732942898975106	5.00599999999997	683	14745600	0	"/root/duckseq/demos/aie/work/benchmark-controlled-t4/n1024/region-gravlax-r2.tsv"	"/root/duckseq/demos/aie/work/benchmark-controlled-t4/gravlax-region-n1024-r2"	28672	NA	NA
"sql"	"region"	1024	4	2	"PASS"	NA	0.02479702970297	5.00899999999994	202	46301184	0	"/root/duckseq/demos/aie/work/benchmark-controlled-t4/n1024/region-sql-r2.csv"	"/root/duckseq/demos/aie/work/benchmark-controlled-t4/sql-region-n1024-r2"	28672	NA	NA
"gravlax"	"junction"	1024	4	2	"PASS"	NA	0.00642233632862655	5.00300000000009	779	14745600	0	"/root/duckseq/demos/aie/work/benchmark-controlled-t4/n1024/junction-gravlax-r2.tsv"	"/root/duckseq/demos/aie/work/benchmark-controlled-t4/gravlax-junction-n1024-r2"	28672	NA	NA
"sql"	"junction"	1024	4	2	"PASS"	NA	0.0298273809523807	5.01099999999995	168	47267840	0	"/root/duckseq/demos/aie/work/benchmark-controlled-t4/n1024/junction-sql-r2.csv"	"/root/duckseq/demos/aie/work/benchmark-controlled-t4/sql-junction-n1024-r2"	28672	NA	NA
"gravlax"	"prepare"	1024	4	3	"PASS"	NA	0.147235294117648	5.00600000000003	34	352198656	0	"/root/duckseq/demos/aie/work/benchmark-controlled-t4/n1024/prepare-gravlax-r3.out"	"/root/duckseq/demos/aie/work/benchmark-controlled-t4/gravlax-prepare-n1024-r3"	28672	229066	8373
"sql"	"prepare"	1024	4	3	"PASS"	NA	0.404615384615384	5.25999999999999	13	234086400	0	"/root/duckseq/demos/aie/work/benchmark-controlled-t4/n1024/prepare-sql-r3.out"	"/root/duckseq/demos/aie/work/benchmark-controlled-t4/sql-prepare-n1024-r3"	28672	229066	1316765
"gravlax"	"region"	1024	4	3	"PASS"	NA	0.00731140350877131	5.00099999999958	684	14745600	0	"/root/duckseq/demos/aie/work/benchmark-controlled-t4/n1024/region-gravlax-r3.tsv"	"/root/duckseq/demos/aie/work/benchmark-controlled-t4/gravlax-region-n1024-r3"	28672	NA	NA
"sql"	"region"	1024	4	3	"PASS"	NA	0.0289367816091967	5.03500000000022	174	46710784	0	"/root/duckseq/demos/aie/work/benchmark-controlled-t4/n1024/region-sql-r3.csv"	"/root/duckseq/demos/aie/work/benchmark-controlled-t4/sql-region-n1024-r3"	28672	NA	NA
"gravlax"	"junction"	1024	4	3	"PASS"	NA	0.00723265895953843	5.00500000000059	692	14745600	0	"/root/duckseq/demos/aie/work/benchmark-controlled-t4/n1024/junction-gravlax-r3.tsv"	"/root/duckseq/demos/aie/work/benchmark-controlled-t4/gravlax-junction-n1024-r3"	28672	NA	NA
"sql"	"junction"	1024	4	3	"PASS"	NA	0.0360575539568352	5.01200000000009	139	47017984	0	"/root/duckseq/demos/aie/work/benchmark-controlled-t4/n1024/junction-sql-r3.csv"	"/root/duckseq/demos/aie/work/benchmark-controlled-t4/sql-junction-n1024-r3"	28672	NA	NA
"gravlax"	"prepare"	2048	4	1	"PASS"	NA	0.158250000000002	5.06400000000005	32	355479552	0	"/root/duckseq/demos/aie/work/benchmark-controlled-t4/n2048/prepare-gravlax-r1.out"	"/root/duckseq/demos/aie/work/benchmark-controlled-t4/gravlax-prepare-n2048-r1"	57344	455766	13685
"sql"	"prepare"	2048	4	1	"PASS"	NA	0.732571428571431	5.12800000000001	7	343785472	0	"/root/duckseq/demos/aie/work/benchmark-controlled-t4/n2048/prepare-sql-r1.out"	"/root/duckseq/demos/aie/work/benchmark-controlled-t4/sql-prepare-n2048-r1"	57344	455766	2659519
"gravlax"	"region"	2048	4	1	"PASS"	NA	0.0121504854368929	5.00599999999989	412	16875520	0	"/root/duckseq/demos/aie/work/benchmark-controlled-t4/n2048/region-gravlax-r1.tsv"	"/root/duckseq/demos/aie/work/benchmark-controlled-t4/gravlax-region-n2048-r1"	57344	NA	NA
"sql"	"region"	2048	4	1	"PASS"	NA	0.0359784172661867	5.00099999999995	139	54595584	0	"/root/duckseq/demos/aie/work/benchmark-controlled-t4/n2048/region-sql-r1.csv"	"/root/duckseq/demos/aie/work/benchmark-controlled-t4/sql-region-n2048-r1"	57344	NA	NA
"gravlax"	"junction"	2048	4	1	"PASS"	NA	0.00898384201077111	5.00399999999951	557	16711680	0	"/root/duckseq/demos/aie/work/benchmark-controlled-t4/n2048/junction-gravlax-r1.tsv"	"/root/duckseq/demos/aie/work/benchmark-controlled-t4/gravlax-junction-n2048-r1"	57344	NA	NA
"sql"	"junction"	2048	4	1	"PASS"	NA	0.0426525423728815	5.03300000000002	118	56086528	0	"/root/duckseq/demos/aie/work/benchmark-controlled-t4/n2048/junction-sql-r1.csv"	"/root/duckseq/demos/aie/work/benchmark-controlled-t4/sql-junction-n2048-r1"	57344	NA	NA
"gravlax"	"prepare"	2048	4	2	"PASS"	NA	0.158874999999998	5.08399999999995	32	352579584	0	"/root/duckseq/demos/aie/work/benchmark-controlled-t4/n2048/prepare-gravlax-r2.out"	"/root/duckseq/demos/aie/work/benchmark-controlled-t4/gravlax-prepare-n2048-r2"	57344	455766	13685
"sql"	"prepare"	2048	4	2	"PASS"	NA	0.727714285714285	5.09399999999999	7	350105600	0	"/root/duckseq/demos/aie/work/benchmark-controlled-t4/n2048/prepare-sql-r2.out"	"/root/duckseq/demos/aie/work/benchmark-controlled-t4/sql-prepare-n2048-r2"	57344	455766	2659519
"gravlax"	"region"	2048	4	2	"PASS"	NA	0.0119832535885164	5.00899999999987	418	16875520	0	"/root/duckseq/demos/aie/work/benchmark-controlled-t4/n2048/region-gravlax-r2.tsv"	"/root/duckseq/demos/aie/work/benchmark-controlled-t4/gravlax-region-n2048-r2"	57344	NA	NA
"sql"	"region"	2048	4	2	"PASS"	NA	0.035723404255318	5.03699999999984	141	54902784	0	"/root/duckseq/demos/aie/work/benchmark-controlled-t4/n2048/region-sql-r2.csv"	"/root/duckseq/demos/aie/work/benchmark-controlled-t4/sql-region-n2048-r2"	57344	NA	NA
"gravlax"	"junction"	2048	4	2	"PASS"	NA	0.00894991055456149	5.00299999999987	559	16711680	0	"/root/duckseq/demos/aie/work/benchmark-controlled-t4/n2048/junction-gravlax-r2.tsv"	"/root/duckseq/demos/aie/work/benchmark-controlled-t4/gravlax-junction-n2048-r2"	57344	NA	NA
"sql"	"junction"	2048	4	2	"PASS"	NA	0.0417000000000002	5.00400000000002	120	56705024	0	"/root/duckseq/demos/aie/work/benchmark-controlled-t4/n2048/junction-sql-r2.csv"	"/root/duckseq/demos/aie/work/benchmark-controlled-t4/sql-junction-n2048-r2"	57344	NA	NA
"gravlax"	"prepare"	2048	4	3	"PASS"	NA	0.157749999999997	5.04799999999992	32	355115008	0	"/root/duckseq/demos/aie/work/benchmark-controlled-t4/n2048/prepare-gravlax-r3.out"	"/root/duckseq/demos/aie/work/benchmark-controlled-t4/gravlax-prepare-n2048-r3"	57344	455766	13685
"sql"	"prepare"	2048	4	3	"PASS"	NA	0.73314285714285	5.13199999999995	7	342904832	0	"/root/duckseq/demos/aie/work/benchmark-controlled-t4/n2048/prepare-sql-r3.out"	"/root/duckseq/demos/aie/work/benchmark-controlled-t4/sql-prepare-n2048-r3"	57344	455766	2659519
"gravlax"	"region"	2048	4	3	"PASS"	NA	0.0121210653753034	5.00600000000031	413	16875520	0	"/root/duckseq/demos/aie/work/benchmark-controlled-t4/n2048/region-gravlax-r3.tsv"	"/root/duckseq/demos/aie/work/benchmark-controlled-t4/gravlax-region-n2048-r3"	57344	NA	NA
"sql"	"region"	2048	4	3	"PASS"	NA	0.0366861313868614	5.02600000000001	137	55058432	0	"/root/duckseq/demos/aie/work/benchmark-controlled-t4/n2048/region-sql-r3.csv"	"/root/duckseq/demos/aie/work/benchmark-controlled-t4/sql-region-n2048-r3"	57344	NA	NA
"gravlax"	"junction"	2048	4	3	"PASS"	NA	0.00949146110056895	5.00199999999984	527	16711680	0	"/root/duckseq/demos/aie/work/benchmark-controlled-t4/n2048/junction-gravlax-r3.tsv"	"/root/duckseq/demos/aie/work/benchmark-controlled-t4/gravlax-junction-n2048-r3"	57344	NA	NA
"sql"	"junction"	2048	4	3	"PASS"	NA	0.0431896551724093	5.00999999999948	116	56553472	0	"/root/duckseq/demos/aie/work/benchmark-controlled-t4/n2048/junction-sql-r3.csv"	"/root/duckseq/demos/aie/work/benchmark-controlled-t4/sql-junction-n2048-r3"	57344	NA	NA
"gravlax"	"prepare"	4096	4	1	"PASS"	NA	0.19619230769231	5.10100000000006	26	363220992	0	"/root/duckseq/demos/aie/work/benchmark-controlled-t4/n4096/prepare-gravlax-r1.out"	"/root/duckseq/demos/aie/work/benchmark-controlled-t4/gravlax-prepare-n4096-r1"	114688	908599	26247
"sql"	"prepare"	4096	4	1	"PASS"	NA	1.40225	5.60899999999998	4	608407552	0	"/root/duckseq/demos/aie/work/benchmark-controlled-t4/n4096/prepare-sql-r1.out"	"/root/duckseq/demos/aie/work/benchmark-controlled-t4/sql-prepare-n4096-r1"	114688	908599	5397357
"gravlax"	"region"	4096	4	1	"PASS"	NA	0.0191647509578536	5.00199999999978	261	21299200	0	"/root/duckseq/demos/aie/work/benchmark-controlled-t4/n4096/region-gravlax-r1.tsv"	"/root/duckseq/demos/aie/work/benchmark-controlled-t4/gravlax-region-n4096-r1"	114688	NA	NA
"sql"	"region"	4096	4	1	"PASS"	NA	0.0472358490566027	5.00699999999989	106	70545408	0	"/root/duckseq/demos/aie/work/benchmark-controlled-t4/n4096/region-sql-r1.csv"	"/root/duckseq/demos/aie/work/benchmark-controlled-t4/sql-region-n4096-r1"	114688	NA	NA
"gravlax"	"junction"	4096	4	1	"PASS"	NA	0.0133333333333336	5.00000000000011	375	20807680	0	"/root/duckseq/demos/aie/work/benchmark-controlled-t4/n4096/junction-gravlax-r1.tsv"	"/root/duckseq/demos/aie/work/benchmark-controlled-t4/gravlax-junction-n4096-r1"	114688	NA	NA
"sql"	"junction"	4096	4	1	"PASS"	NA	0.0519278350515503	5.03700000000038	97	70500352	0	"/root/duckseq/demos/aie/work/benchmark-controlled-t4/n4096/junction-sql-r1.csv"	"/root/duckseq/demos/aie/work/benchmark-controlled-t4/sql-junction-n4096-r1"	114688	NA	NA
"gravlax"	"prepare"	4096	4	2	"PASS"	NA	0.198076923076924	5.15000000000003	26	360280064	0	"/root/duckseq/demos/aie/work/benchmark-controlled-t4/n4096/prepare-gravlax-r2.out"	"/root/duckseq/demos/aie/work/benchmark-controlled-t4/gravlax-prepare-n4096-r2"	114688	908599	26247
"sql"	"prepare"	4096	4	2	"PASS"	NA	1.39624999999998	5.58499999999992	4	594944000	0	"/root/duckseq/demos/aie/work/benchmark-controlled-t4/n4096/prepare-sql-r2.out"	"/root/duckseq/demos/aie/work/benchmark-controlled-t4/sql-prepare-n4096-r2"	114688	908599	5397357
"gravlax"	"region"	4096	4	2	"PASS"	NA	0.0190304182509514	5.00500000000022	263	21135360	0	"/root/duckseq/demos/aie/work/benchmark-controlled-t4/n4096/region-gravlax-r2.tsv"	"/root/duckseq/demos/aie/work/benchmark-controlled-t4/gravlax-region-n4096-r2"	114688	NA	NA
"sql"	"region"	4096	4	2	"PASS"	NA	0.0467570093457985	5.00300000000044	107	70950912	0	"/root/duckseq/demos/aie/work/benchmark-controlled-t4/n4096/region-sql-r2.csv"	"/root/duckseq/demos/aie/work/benchmark-controlled-t4/sql-region-n4096-r2"	114688	NA	NA
"gravlax"	"junction"	4096	4	2	"PASS"	NA	0.0129020618556699	5.00599999999991	388	20807680	0	"/root/duckseq/demos/aie/work/benchmark-controlled-t4/n4096/junction-gravlax-r2.tsv"	"/root/duckseq/demos/aie/work/benchmark-controlled-t4/gravlax-junction-n4096-r2"	114688	NA	NA
"sql"	"junction"	4096	4	2	"PASS"	NA	0.0516185567010322	5.00700000000012	97	69574656	0	"/root/duckseq/demos/aie/work/benchmark-controlled-t4/n4096/junction-sql-r2.csv"	"/root/duckseq/demos/aie/work/benchmark-controlled-t4/sql-junction-n4096-r2"	114688	NA	NA
"gravlax"	"prepare"	4096	4	3	"PASS"	NA	0.195538461538459	5.08399999999995	26	362471424	0	"/root/duckseq/demos/aie/work/benchmark-controlled-t4/n4096/prepare-gravlax-r3.out"	"/root/duckseq/demos/aie/work/benchmark-controlled-t4/gravlax-prepare-n4096-r3"	114688	908599	26247
"sql"	"prepare"	4096	4	3	"PASS"	NA	1.39500000000001	5.58000000000004	4	607227904	0	"/root/duckseq/demos/aie/work/benchmark-controlled-t4/n4096/prepare-sql-r3.out"	"/root/duckseq/demos/aie/work/benchmark-controlled-t4/sql-prepare-n4096-r3"	114688	908599	5397357
"gravlax"	"region"	4096	4	3	"PASS"	NA	0.0186394052044614	5.01400000000012	269	21135360	0	"/root/duckseq/demos/aie/work/benchmark-controlled-t4/n4096/region-gravlax-r3.tsv"	"/root/duckseq/demos/aie/work/benchmark-controlled-t4/gravlax-region-n4096-r3"	114688	NA	NA
"sql"	"region"	4096	4	3	"PASS"	NA	0.0463611111111096	5.00699999999983	108	70668288	0	"/root/duckseq/demos/aie/work/benchmark-controlled-t4/n4096/region-sql-r3.csv"	"/root/duckseq/demos/aie/work/benchmark-controlled-t4/sql-region-n4096-r3"	114688	NA	NA
"gravlax"	"junction"	4096	4	3	"PASS"	NA	0.0127404580152657	5.00699999999944	393	20807680	0	"/root/duckseq/demos/aie/work/benchmark-controlled-t4/n4096/junction-gravlax-r3.tsv"	"/root/duckseq/demos/aie/work/benchmark-controlled-t4/gravlax-junction-n4096-r3"	114688	NA	NA
"sql"	"junction"	4096	4	3	"PASS"	NA	0.05093939393939	5.04299999999961	99	69611520	0	"/root/duckseq/demos/aie/work/benchmark-controlled-t4/n4096/junction-sql-r3.csv"	"/root/duckseq/demos/aie/work/benchmark-controlled-t4/sql-junction-n4096-r3"	114688	NA	NA
