engine	n	bits	threads	replicate	status	error	setup_s	first_s	iterations	measured_s	mean_ms	process_elapsed_s	peak_rss_kb	peak_rss_bytes	rss_ceiling_bytes	output_columns	output_cells	output_bytes	selected_stored_rows	profile_buffer_bytes	profile_spill_bytes	spill_limit_bytes	profile_s	profile_path	log_path	duckdb_r_version	ldzip_version	override_label
"sql"	1000	8	1	1	"PASS"	""	0.02	0.206	28	5.184	185.1428571	5.74	257176	263348224	632870912	1000	1e+06	8e+06	14330	156819784	0	536870912	0.188	"/root/duckseq/demos/ldzip/work/perf/native/profiles/sql-n1000-b8-t1-r1.json"	"/root/duckseq/demos/ldzip/work/perf/native/logs/sql-n1000-b8-t1-r1.log"	"1.5.5"	"1.0"	"FULL_PROTOCOL"
"tinycc"	1000	8	1	1	"PASS"	""	0.023	0.044	125	5.006	40.048	5.39	167496	171515904	632870912	1000	1e+06	8e+06	14330	45485256	0	536870912	0.036	"/root/duckseq/demos/ldzip/work/perf/native/profiles/tinycc-n1000-b8-t1-r1.json"	"/root/duckseq/demos/ldzip/work/perf/native/logs/tinycc-n1000-b8-t1-r1.log"	"1.5.5"	"1.0"	"FULL_PROTOCOL"
"ldzip"	1000	8	1	1	"PASS"	""	0.04	0.005	1297	5.004	3.858134156	5.21	132524	135704576	632870912	1000	1e+06	8e+06	14330	NA	NA	536870912	0	"/root/duckseq/demos/ldzip/work/perf/native/profiles/ldzip-n1000-b8-t1-r1.json"	"/root/duckseq/demos/ldzip/work/perf/native/logs/ldzip-n1000-b8-t1-r1.log"	"1.5.5"	"1.0"	"FULL_PROTOCOL"
"ldzip"	1000	8	1	2	"PASS"	""	0.039	0.004	1287	5.003	3.887334887	5.2	132272	135446528	632870912	1000	1e+06	8e+06	14330	NA	NA	536870912	0	"/root/duckseq/demos/ldzip/work/perf/native/profiles/ldzip-n1000-b8-t1-r2.json"	"/root/duckseq/demos/ldzip/work/perf/native/logs/ldzip-n1000-b8-t1-r2.log"	"1.5.5"	"1.0"	"FULL_PROTOCOL"
"tinycc"	1000	8	1	2	"PASS"	""	0.024	0.044	125	5	40	5.38	166584	170582016	632870912	1000	1e+06	8e+06	14330	45436104	0	536870912	0.042	"/root/duckseq/demos/ldzip/work/perf/native/profiles/tinycc-n1000-b8-t1-r2.json"	"/root/duckseq/demos/ldzip/work/perf/native/logs/tinycc-n1000-b8-t1-r2.log"	"1.5.5"	"1.0"	"FULL_PROTOCOL"
"sql"	1000	8	1	2	"PASS"	""	0.021	0.206	28	5.157	184.1785714	5.69	256876	263041024	632870912	1000	1e+06	8e+06	14330	156819784	0	536870912	0.191	"/root/duckseq/demos/ldzip/work/perf/native/profiles/sql-n1000-b8-t1-r2.json"	"/root/duckseq/demos/ldzip/work/perf/native/logs/sql-n1000-b8-t1-r2.log"	"1.5.5"	"1.0"	"FULL_PROTOCOL"
"sql"	1000	8	1	3	"PASS"	""	0.02	0.204	28	5.092	181.8571429	5.61	256348	262500352	632870912	1000	1e+06	8e+06	14330	156819784	0	536870912	0.183	"/root/duckseq/demos/ldzip/work/perf/native/profiles/sql-n1000-b8-t1-r3.json"	"/root/duckseq/demos/ldzip/work/perf/native/logs/sql-n1000-b8-t1-r3.log"	"1.5.5"	"1.0"	"FULL_PROTOCOL"
"tinycc"	1000	8	1	3	"PASS"	""	0.023	0.045	125	5.005	40.04	5.38	166488	170483712	632870912	1000	1e+06	8e+06	14330	45444296	0	536870912	0.04	"/root/duckseq/demos/ldzip/work/perf/native/profiles/tinycc-n1000-b8-t1-r3.json"	"/root/duckseq/demos/ldzip/work/perf/native/logs/tinycc-n1000-b8-t1-r3.log"	"1.5.5"	"1.0"	"FULL_PROTOCOL"
"ldzip"	1000	8	1	3	"PASS"	""	0.039	0.004	1306	5	3.82848392	5.2	132556	135737344	632870912	1000	1e+06	8e+06	14330	NA	NA	536870912	0	"/root/duckseq/demos/ldzip/work/perf/native/profiles/ldzip-n1000-b8-t1-r3.json"	"/root/duckseq/demos/ldzip/work/perf/native/logs/ldzip-n1000-b8-t1-r3.log"	"1.5.5"	"1.0"	"FULL_PROTOCOL"
"sql"	1000	8	4	1	"PASS"	""	0.022	0.124	52	5.095	97.98076923	5.55	497664	509607936	632870912	1000	1e+06	8e+06	14330	286204396	0	536870912	0.101	"/root/duckseq/demos/ldzip/work/perf/native/profiles/sql-n1000-b8-t4-r1.json"	"/root/duckseq/demos/ldzip/work/perf/native/logs/sql-n1000-b8-t4-r1.log"	"1.5.5"	"1.0"	"FULL_PROTOCOL"
"tinycc"	1000	8	4	1	"PASS"	""	0.024	0.041	162	5.005	30.89506173	5.38	216128	221315072	632870912	1000	1e+06	8e+06	14330	49250056	0	536870912	0.035	"/root/duckseq/demos/ldzip/work/perf/native/profiles/tinycc-n1000-b8-t4-r1.json"	"/root/duckseq/demos/ldzip/work/perf/native/logs/tinycc-n1000-b8-t4-r1.log"	"1.5.5"	"1.0"	"FULL_PROTOCOL"
"tinycc"	1000	8	4	2	"PASS"	""	0.025	0.035	163	5.001	30.6809816	5.37	226464	231899136	632870912	1000	1e+06	8e+06	14330	49237192	0	536870912	0.033	"/root/duckseq/demos/ldzip/work/perf/native/profiles/tinycc-n1000-b8-t4-r2.json"	"/root/duckseq/demos/ldzip/work/perf/native/logs/tinycc-n1000-b8-t4-r2.log"	"1.5.5"	"1.0"	"FULL_PROTOCOL"
"sql"	1000	8	4	2	"PASS"	""	0.02	0.126	51	5.024	98.50980392	5.46	506548	518705152	632870912	1000	1e+06	8e+06	14330	291498860	0	536870912	0.099	"/root/duckseq/demos/ldzip/work/perf/native/profiles/sql-n1000-b8-t4-r2.json"	"/root/duckseq/demos/ldzip/work/perf/native/logs/sql-n1000-b8-t4-r2.log"	"1.5.5"	"1.0"	"FULL_PROTOCOL"
"sql"	1000	8	4	3	"PASS"	""	0.022	0.132	50	5.044	100.88	5.5	493396	505237504	632870912	1000	1e+06	8e+06	14330	290111980	0	536870912	0.1	"/root/duckseq/demos/ldzip/work/perf/native/profiles/sql-n1000-b8-t4-r3.json"	"/root/duckseq/demos/ldzip/work/perf/native/logs/sql-n1000-b8-t4-r3.log"	"1.5.5"	"1.0"	"FULL_PROTOCOL"
"tinycc"	1000	8	4	3	"PASS"	""	0.024	0.037	163	5.009	30.73006135	5.42	230172	235696128	632870912	1000	1e+06	8e+06	14330	49233096	0	536870912	0.035	"/root/duckseq/demos/ldzip/work/perf/native/profiles/tinycc-n1000-b8-t4-r3.json"	"/root/duckseq/demos/ldzip/work/perf/native/logs/tinycc-n1000-b8-t4-r3.log"	"1.5.5"	"1.0"	"FULL_PROTOCOL"
"sql"	1000	16	1	1	"PASS"	""	0.02	0.211	27	5.013	185.6666667	5.55	256940	263106560	632870912	1000	1e+06	8e+06	14330	156795212	0	536870912	0.193	"/root/duckseq/demos/ldzip/work/perf/native/profiles/sql-n1000-b16-t1-r1.json"	"/root/duckseq/demos/ldzip/work/perf/native/logs/sql-n1000-b16-t1-r1.log"	"1.5.5"	"1.0"	"FULL_PROTOCOL"
"tinycc"	1000	16	1	1	"PASS"	""	0.023	0.045	124	5.009	40.39516129	5.39	166792	170795008	632870912	1000	1e+06	8e+06	14330	45485260	0	536870912	0.042	"/root/duckseq/demos/ldzip/work/perf/native/profiles/tinycc-n1000-b16-t1-r1.json"	"/root/duckseq/demos/ldzip/work/perf/native/logs/tinycc-n1000-b16-t1-r1.log"	"1.5.5"	"1.0"	"FULL_PROTOCOL"
"ldzip"	1000	16	1	1	"PASS"	""	0.038	0.005	1300	5.004	3.849230769	5.21	132032	135200768	632870912	1000	1e+06	8e+06	14330	NA	NA	536870912	0	"/root/duckseq/demos/ldzip/work/perf/native/profiles/ldzip-n1000-b16-t1-r1.json"	"/root/duckseq/demos/ldzip/work/perf/native/logs/ldzip-n1000-b16-t1-r1.log"	"1.5.5"	"1.0"	"FULL_PROTOCOL"
"ldzip"	1000	16	1	2	"PASS"	""	0.038	0.005	1303	5.003	3.839600921	5.2	132120	135290880	632870912	1000	1e+06	8e+06	14330	NA	NA	536870912	0	"/root/duckseq/demos/ldzip/work/perf/native/profiles/ldzip-n1000-b16-t1-r2.json"	"/root/duckseq/demos/ldzip/work/perf/native/logs/ldzip-n1000-b16-t1-r2.log"	"1.5.5"	"1.0"	"FULL_PROTOCOL"
"tinycc"	1000	16	1	2	"PASS"	""	0.024	0.043	127	5.034	39.63779528	5.41	166948	170954752	632870912	1000	1e+06	8e+06	14330	45477068	0	536870912	0.042	"/root/duckseq/demos/ldzip/work/perf/native/profiles/tinycc-n1000-b16-t1-r2.json"	"/root/duckseq/demos/ldzip/work/perf/native/logs/tinycc-n1000-b16-t1-r2.log"	"1.5.5"	"1.0"	"FULL_PROTOCOL"
"sql"	1000	16	1	2	"PASS"	""	0.021	0.208	28	5.111	182.5357143	5.64	256932	263098368	632870912	1000	1e+06	8e+06	14330	156819788	0	536870912	0.19	"/root/duckseq/demos/ldzip/work/perf/native/profiles/sql-n1000-b16-t1-r2.json"	"/root/duckseq/demos/ldzip/work/perf/native/logs/sql-n1000-b16-t1-r2.log"	"1.5.5"	"1.0"	"FULL_PROTOCOL"
"sql"	1000	16	1	3	"PASS"	""	0.021	0.208	27	5	185.1851852	5.54	256028	262172672	632870912	1000	1e+06	8e+06	14330	156770304	0	536870912	0.188	"/root/duckseq/demos/ldzip/work/perf/native/profiles/sql-n1000-b16-t1-r3.json"	"/root/duckseq/demos/ldzip/work/perf/native/logs/sql-n1000-b16-t1-r3.log"	"1.5.5"	"1.0"	"FULL_PROTOCOL"
"tinycc"	1000	16	1	3	"PASS"	""	0.022	0.046	125	5.012	40.096	5.42	166504	170500096	632870912	1000	1e+06	8e+06	14330	45477068	0	536870912	0.041	"/root/duckseq/demos/ldzip/work/perf/native/profiles/tinycc-n1000-b16-t1-r3.json"	"/root/duckseq/demos/ldzip/work/perf/native/logs/tinycc-n1000-b16-t1-r3.log"	"1.5.5"	"1.0"	"FULL_PROTOCOL"
"ldzip"	1000	16	1	3	"PASS"	""	0.039	0.005	1293	5.003	3.86929621	5.22	132348	135524352	632870912	1000	1e+06	8e+06	14330	NA	NA	536870912	0	"/root/duckseq/demos/ldzip/work/perf/native/profiles/ldzip-n1000-b16-t1-r3.json"	"/root/duckseq/demos/ldzip/work/perf/native/logs/ldzip-n1000-b16-t1-r3.log"	"1.5.5"	"1.0"	"FULL_PROTOCOL"
"sql"	1000	16	4	1	"PASS"	""	0.021	0.128	51	5.019	98.41176471	5.49	496044	507949056	632870912	1000	1e+06	8e+06	14330	291934706	0	536870912	0.102	"/root/duckseq/demos/ldzip/work/perf/native/profiles/sql-n1000-b16-t4-r1.json"	"/root/duckseq/demos/ldzip/work/perf/native/logs/sql-n1000-b16-t4-r1.log"	"1.5.5"	"1.0"	"FULL_PROTOCOL"
"tinycc"	1000	16	4	1	"PASS"	""	0.023	0.036	176	5.014	28.48863636	5.41	231036	236580864	632870912	1000	1e+06	8e+06	14330	49347788	0	536870912	0.028	"/root/duckseq/demos/ldzip/work/perf/native/profiles/tinycc-n1000-b16-t4-r1.json"	"/root/duckseq/demos/ldzip/work/perf/native/logs/tinycc-n1000-b16-t4-r1.log"	"1.5.5"	"1.0"	"FULL_PROTOCOL"
"tinycc"	1000	16	4	2	"PASS"	""	0.023	0.034	164	5.013	30.56707317	5.39	217972	223203328	632870912	1000	1e+06	8e+06	14330	49180684	0	536870912	0.033	"/root/duckseq/demos/ldzip/work/perf/native/profiles/tinycc-n1000-b16-t4-r2.json"	"/root/duckseq/demos/ldzip/work/perf/native/logs/tinycc-n1000-b16-t4-r2.log"	"1.5.5"	"1.0"	"FULL_PROTOCOL"
"sql"	1000	16	4	2	"PASS"	""	0.021	0.129	51	5.037	98.76470588	5.49	503932	516026368	632870912	1000	1e+06	8e+06	14330	285987314	0	536870912	0.099	"/root/duckseq/demos/ldzip/work/perf/native/profiles/sql-n1000-b16-t4-r2.json"	"/root/duckseq/demos/ldzip/work/perf/native/logs/sql-n1000-b16-t4-r2.log"	"1.5.5"	"1.0"	"FULL_PROTOCOL"
"sql"	1000	16	4	3	"PASS"	""	0.021	0.13	50	5.05	101	5.5	504024	516120576	632870912	1000	1e+06	8e+06	14330	289012210	0	536870912	0.1	"/root/duckseq/demos/ldzip/work/perf/native/profiles/sql-n1000-b16-t4-r3.json"	"/root/duckseq/demos/ldzip/work/perf/native/logs/sql-n1000-b16-t4-r3.log"	"1.5.5"	"1.0"	"FULL_PROTOCOL"
"tinycc"	1000	16	4	3	"PASS"	""	0.024	0.037	163	5.011	30.74233129	5.39	225704	231120896	632870912	1000	1e+06	8e+06	14330	49208524	0	536870912	0.03	"/root/duckseq/demos/ldzip/work/perf/native/profiles/tinycc-n1000-b16-t4-r3.json"	"/root/duckseq/demos/ldzip/work/perf/native/logs/tinycc-n1000-b16-t4-r3.log"	"1.5.5"	"1.0"	"FULL_PROTOCOL"
"sql"	2000	8	1	1	"PASS"	""	0.02	0.804	7	5.298	756.8571429	6.4	485196	496840704	920870912	2000	4e+06	3.2e+07	80228	551682376	0	536870912	0.752	"/root/duckseq/demos/ldzip/work/perf/native/profiles/sql-n2000-b8-t1-r1.json"	"/root/duckseq/demos/ldzip/work/perf/native/logs/sql-n2000-b8-t1-r1.log"	"1.5.5"	"1.0"	"FULL_PROTOCOL"
"tinycc"	2000	8	1	1	"PASS"	""	0.022	0.173	31	5.021	161.9677419	5.52	236876	242561024	920870912	2000	4e+06	3.2e+07	80228	168987848	0	536870912	0.165	"/root/duckseq/demos/ldzip/work/perf/native/profiles/tinycc-n2000-b8-t1-r1.json"	"/root/duckseq/demos/ldzip/work/perf/native/logs/tinycc-n2000-b8-t1-r1.log"	"1.5.5"	"1.0"	"FULL_PROTOCOL"
"ldzip"	2000	8	1	1	"PASS"	""	0.037	0.017	346	5.011	14.48265896	5.21	140224	143589376	920870912	2000	4e+06	3.2e+07	80228	NA	NA	536870912	0	"/root/duckseq/demos/ldzip/work/perf/native/profiles/ldzip-n2000-b8-t1-r1.json"	"/root/duckseq/demos/ldzip/work/perf/native/logs/ldzip-n2000-b8-t1-r1.log"	"1.5.5"	"1.0"	"FULL_PROTOCOL"
"ldzip"	2000	8	1	2	"PASS"	""	0.039	0.016	345	5.002	14.49855072	5.2	139920	143278080	920870912	2000	4e+06	3.2e+07	80228	NA	NA	536870912	0	"/root/duckseq/demos/ldzip/work/perf/native/profiles/ldzip-n2000-b8-t1-r2.json"	"/root/duckseq/demos/ldzip/work/perf/native/logs/ldzip-n2000-b8-t1-r2.log"	"1.5.5"	"1.0"	"FULL_PROTOCOL"
"tinycc"	2000	8	1	2	"PASS"	""	0.023	0.171	31	5.042	162.6451613	5.58	237228	242921472	920870912	2000	4e+06	3.2e+07	80228	168955080	0	536870912	0.164	"/root/duckseq/demos/ldzip/work/perf/native/profiles/tinycc-n2000-b8-t1-r2.json"	"/root/duckseq/demos/ldzip/work/perf/native/logs/tinycc-n2000-b8-t1-r2.log"	"1.5.5"	"1.0"	"FULL_PROTOCOL"
"sql"	2000	8	1	2	"PASS"	""	0.021	0.808	7	5.335	762.1428571	6.44	485212	496857088	920870912	2000	4e+06	3.2e+07	80228	551723336	0	536870912	0.751	"/root/duckseq/demos/ldzip/work/perf/native/profiles/sql-n2000-b8-t1-r2.json"	"/root/duckseq/demos/ldzip/work/perf/native/logs/sql-n2000-b8-t1-r2.log"	"1.5.5"	"1.0"	"FULL_PROTOCOL"
"sql"	2000	8	1	3	"PASS"	""	0.02	0.809	7	5.308	758.2857143	6.42	484952	496590848	920870912	2000	4e+06	3.2e+07	80228	551690568	0	536870912	0.752	"/root/duckseq/demos/ldzip/work/perf/native/profiles/sql-n2000-b8-t1-r3.json"	"/root/duckseq/demos/ldzip/work/perf/native/logs/sql-n2000-b8-t1-r3.log"	"1.5.5"	"1.0"	"FULL_PROTOCOL"
"tinycc"	2000	8	1	3	"PASS"	""	0.023	0.17	32	5.159	161.21875	5.66	236664	242343936	920870912	2000	4e+06	3.2e+07	80228	168996040	0	536870912	0.166	"/root/duckseq/demos/ldzip/work/perf/native/profiles/tinycc-n2000-b8-t1-r3.json"	"/root/duckseq/demos/ldzip/work/perf/native/logs/tinycc-n2000-b8-t1-r3.log"	"1.5.5"	"1.0"	"FULL_PROTOCOL"
"ldzip"	2000	8	1	3	"PASS"	""	0.039	0.016	342	5.006	14.6374269	5.19	139784	143138816	920870912	2000	4e+06	3.2e+07	80228	NA	NA	536870912	0	"/root/duckseq/demos/ldzip/work/perf/native/profiles/ldzip-n2000-b8-t1-r3.json"	"/root/duckseq/demos/ldzip/work/perf/native/logs/ldzip-n2000-b8-t1-r3.log"	"1.5.5"	"1.0"	"FULL_PROTOCOL"
"sql"	2000	8	4	1	"FAIL"	"peak RSS exceeded declared ceiling"	0.021	0.371	15	5.172	344.8	5.9	997956	1021906944	920870912	2000	4e+06	3.2e+07	80228	863003116	0	536870912	0.359	"/root/duckseq/demos/ldzip/work/perf/native/profiles/sql-n2000-b8-t4-r1.json"	"/root/duckseq/demos/ldzip/work/perf/native/logs/sql-n2000-b8-t4-r1.log"	"1.5.5"	"1.0"	"FULL_PROTOCOL"
"tinycc"	2000	8	4	1	"PASS"	""	0.023	0.129	42	5.09	121.1904762	5.56	299596	306786304	920870912	2000	4e+06	3.2e+07	80228	173399240	0	536870912	0.125	"/root/duckseq/demos/ldzip/work/perf/native/profiles/tinycc-n2000-b8-t4-r1.json"	"/root/duckseq/demos/ldzip/work/perf/native/logs/tinycc-n2000-b8-t4-r1.log"	"1.5.5"	"1.0"	"FULL_PROTOCOL"
"tinycc"	2000	8	4	2	"PASS"	""	0.024	0.13	42	5.101	121.452381	5.57	300444	307654656	920870912	2000	4e+06	3.2e+07	80228	173243592	0	536870912	0.123	"/root/duckseq/demos/ldzip/work/perf/native/profiles/tinycc-n2000-b8-t4-r2.json"	"/root/duckseq/demos/ldzip/work/perf/native/logs/tinycc-n2000-b8-t4-r2.log"	"1.5.5"	"1.0"	"FULL_PROTOCOL"
"sql"	2000	8	4	2	"FAIL"	"peak RSS exceeded declared ceiling"	0.021	0.382	15	5.013	334.2	5.71	1040276	1065242624	920870912	2000	4e+06	3.2e+07	80228	867959276	0	536870912	0.331	"/root/duckseq/demos/ldzip/work/perf/native/profiles/sql-n2000-b8-t4-r2.json"	"/root/duckseq/demos/ldzip/work/perf/native/logs/sql-n2000-b8-t4-r2.log"	"1.5.5"	"1.0"	"FULL_PROTOCOL"
"sql"	2000	8	4	3	"FAIL"	"peak RSS exceeded declared ceiling"	0.02	0.381	15	5.073	338.2	5.79	1064348	1089892352	920870912	2000	4e+06	3.2e+07	80228	863793644	0	536870912	0.336	"/root/duckseq/demos/ldzip/work/perf/native/profiles/sql-n2000-b8-t4-r3.json"	"/root/duckseq/demos/ldzip/work/perf/native/logs/sql-n2000-b8-t4-r3.log"	"1.5.5"	"1.0"	"FULL_PROTOCOL"
"tinycc"	2000	8	4	3	"PASS"	""	0.025	0.128	42	5.059	120.452381	5.53	299620	306810880	920870912	2000	4e+06	3.2e+07	80228	173178056	0	536870912	0.124	"/root/duckseq/demos/ldzip/work/perf/native/profiles/tinycc-n2000-b8-t4-r3.json"	"/root/duckseq/demos/ldzip/work/perf/native/logs/tinycc-n2000-b8-t4-r3.log"	"1.5.5"	"1.0"	"FULL_PROTOCOL"
"sql"	2000	16	1	1	"PASS"	""	0.021	0.808	7	5.345	763.5714286	6.48	485384	497033216	920870912	2000	4e+06	3.2e+07	80228	551690572	0	536870912	0.759	"/root/duckseq/demos/ldzip/work/perf/native/profiles/sql-n2000-b16-t1-r1.json"	"/root/duckseq/demos/ldzip/work/perf/native/logs/sql-n2000-b16-t1-r1.log"	"1.5.5"	"1.0"	"FULL_PROTOCOL"
"tinycc"	2000	16	1	1	"PASS"	""	0.023	0.17	31	5.058	163.1612903	5.56	236956	242642944	920870912	2000	4e+06	3.2e+07	80228	169008332	0	536870912	0.163	"/root/duckseq/demos/ldzip/work/perf/native/profiles/tinycc-n2000-b16-t1-r1.json"	"/root/duckseq/demos/ldzip/work/perf/native/logs/tinycc-n2000-b16-t1-r1.log"	"1.5.5"	"1.0"	"FULL_PROTOCOL"
"ldzip"	2000	16	1	1	"PASS"	""	0.041	0.016	337	5.006	14.85459941	5.27	140560	143933440	920870912	2000	4e+06	3.2e+07	80228	NA	NA	536870912	0	"/root/duckseq/demos/ldzip/work/perf/native/profiles/ldzip-n2000-b16-t1-r1.json"	"/root/duckseq/demos/ldzip/work/perf/native/logs/ldzip-n2000-b16-t1-r1.log"	"1.5.5"	"1.0"	"FULL_PROTOCOL"
"ldzip"	2000	16	1	2	"PASS"	""	0.038	0.016	333	5.001	15.01801802	5.19	140196	143560704	920870912	2000	4e+06	3.2e+07	80228	NA	NA	536870912	0	"/root/duckseq/demos/ldzip/work/perf/native/profiles/ldzip-n2000-b16-t1-r2.json"	"/root/duckseq/demos/ldzip/work/perf/native/logs/ldzip-n2000-b16-t1-r2.log"	"1.5.5"	"1.0"	"FULL_PROTOCOL"
"tinycc"	2000	16	1	2	"PASS"	""	0.024	0.173	31	5.059	163.1935484	5.56	237104	242794496	920870912	2000	4e+06	3.2e+07	80228	168971468	0	536870912	0.166	"/root/duckseq/demos/ldzip/work/perf/native/profiles/tinycc-n2000-b16-t1-r2.json"	"/root/duckseq/demos/ldzip/work/perf/native/logs/tinycc-n2000-b16-t1-r2.log"	"1.5.5"	"1.0"	"FULL_PROTOCOL"
"sql"	2000	16	1	2	"PASS"	""	0.02	0.815	7	5.363	766.1428571	6.49	484540	496168960	920870912	2000	4e+06	3.2e+07	80228	551723340	0	536870912	0.779	"/root/duckseq/demos/ldzip/work/perf/native/profiles/sql-n2000-b16-t1-r2.json"	"/root/duckseq/demos/ldzip/work/perf/native/logs/sql-n2000-b16-t1-r2.log"	"1.5.5"	"1.0"	"FULL_PROTOCOL"
"sql"	2000	16	1	3	"PASS"	""	0.02	0.808	7	5.328	761.1428571	6.43	485492	497143808	920870912	2000	4e+06	3.2e+07	80228	551690572	0	536870912	0.759	"/root/duckseq/demos/ldzip/work/perf/native/profiles/sql-n2000-b16-t1-r3.json"	"/root/duckseq/demos/ldzip/work/perf/native/logs/sql-n2000-b16-t1-r3.log"	"1.5.5"	"1.0"	"FULL_PROTOCOL"
"tinycc"	2000	16	1	3	"PASS"	""	0.024	0.173	31	5.074	163.6774194	5.57	237304	242999296	920870912	2000	4e+06	3.2e+07	80228	169032908	0	536870912	0.165	"/root/duckseq/demos/ldzip/work/perf/native/profiles/tinycc-n2000-b16-t1-r3.json"	"/root/duckseq/demos/ldzip/work/perf/native/logs/tinycc-n2000-b16-t1-r3.log"	"1.5.5"	"1.0"	"FULL_PROTOCOL"
"ldzip"	2000	16	1	3	"PASS"	""	0.039	0.016	339	5.015	14.79351032	5.24	139892	143249408	920870912	2000	4e+06	3.2e+07	80228	NA	NA	536870912	0	"/root/duckseq/demos/ldzip/work/perf/native/profiles/ldzip-n2000-b16-t1-r3.json"	"/root/duckseq/demos/ldzip/work/perf/native/logs/ldzip-n2000-b16-t1-r3.log"	"1.5.5"	"1.0"	"FULL_PROTOCOL"
"sql"	2000	16	4	1	"FAIL"	"peak RSS exceeded declared ceiling"	0.021	0.373	15	5.04	336	5.74	1048668	1073836032	920870912	2000	4e+06	3.2e+07	80228	861612530	0	536870912	0.33	"/root/duckseq/demos/ldzip/work/perf/native/profiles/sql-n2000-b16-t4-r1.json"	"/root/duckseq/demos/ldzip/work/perf/native/logs/sql-n2000-b16-t4-r1.log"	"1.5.5"	"1.0"	"FULL_PROTOCOL"
"tinycc"	2000	16	4	1	"PASS"	""	0.024	0.138	42	5.077	120.8809524	5.55	299608	306798592	920870912	2000	4e+06	3.2e+07	80228	173432012	0	536870912	0.123	"/root/duckseq/demos/ldzip/work/perf/native/profiles/tinycc-n2000-b16-t4-r1.json"	"/root/duckseq/demos/ldzip/work/perf/native/logs/tinycc-n2000-b16-t4-r1.log"	"1.5.5"	"1.0"	"FULL_PROTOCOL"
"tinycc"	2000	16	4	2	"PASS"	""	0.023	0.137	42	5.088	121.1428571	5.56	302340	309596160	920870912	2000	4e+06	3.2e+07	80228	173321420	0	536870912	0.123	"/root/duckseq/demos/ldzip/work/perf/native/profiles/tinycc-n2000-b16-t4-r2.json"	"/root/duckseq/demos/ldzip/work/perf/native/logs/tinycc-n2000-b16-t4-r2.log"	"1.5.5"	"1.0"	"FULL_PROTOCOL"
"sql"	2000	16	4	2	"FAIL"	"peak RSS exceeded declared ceiling"	0.022	0.382	15	5.001	333.4	5.73	1011152	1035419648	920870912	2000	4e+06	3.2e+07	80228	861475314	0	536870912	0.35	"/root/duckseq/demos/ldzip/work/perf/native/profiles/sql-n2000-b16-t4-r2.json"	"/root/duckseq/demos/ldzip/work/perf/native/logs/sql-n2000-b16-t4-r2.log"	"1.5.5"	"1.0"	"FULL_PROTOCOL"
"sql"	2000	16	4	3	"FAIL"	"peak RSS exceeded declared ceiling"	0.021	0.373	15	5.065	337.6666667	5.78	1008796	1033007104	920870912	2000	4e+06	3.2e+07	80228	866951666	0	536870912	0.342	"/root/duckseq/demos/ldzip/work/perf/native/profiles/sql-n2000-b16-t4-r3.json"	"/root/duckseq/demos/ldzip/work/perf/native/logs/sql-n2000-b16-t4-r3.log"	"1.5.5"	"1.0"	"FULL_PROTOCOL"
"tinycc"	2000	16	4	3	"PASS"	""	0.024	0.131	42	5.034	119.8571429	5.51	302384	309641216	920870912	2000	4e+06	3.2e+07	80228	173468876	0	536870912	0.12	"/root/duckseq/demos/ldzip/work/perf/native/profiles/tinycc-n2000-b16-t4-r3.json"	"/root/duckseq/demos/ldzip/work/perf/native/logs/tinycc-n2000-b16-t4-r3.log"	"1.5.5"	"1.0"	"FULL_PROTOCOL"
"sql"	4000	8	1	1	"FAIL"	"worker exit 1  21. | \-rlang::abort(error_parts, class = \"duckdb_error\", !!!fields) |  22. |   \-rlang:::signal_abort(cnd, .file) |  23. |     \-base::signalCondition(cnd) |  24. \-rlang (local) `<fn>`(`<dckdb_rr>`) |  25.   \-handlers[[1L]](cnd) |  26.     \-duckdb:::rethrow_error_from_rapi(e, call) |  27.       \-rlang::abort(msg, call = call) | Execution halted"	NA	NA	NA	NA	NA	1.52	999992	1023991808	2072870912	NA	NA	NA	NA	NA	NA	536870912	NA	"/root/duckseq/demos/ldzip/work/perf/native/profiles/sql-n4000-b8-t1-r1.json"	"/root/duckseq/demos/ldzip/work/perf/native/logs/sql-n4000-b8-t1-r1.log"	"1.5.5"	"1.0"	"FULL_PROTOCOL"
"tinycc"	4000	8	1	1	"PASS"	""	0.024	0.66	8	5.203	650.375	6.23	462888	473997312	2072870912	4000	1.6e+07	1.28e+08	364214	597540680	0	536870912	0.642	"/root/duckseq/demos/ldzip/work/perf/native/profiles/tinycc-n4000-b8-t1-r1.json"	"/root/duckseq/demos/ldzip/work/perf/native/logs/tinycc-n4000-b8-t1-r1.log"	"1.5.5"	"1.0"	"FULL_PROTOCOL"
"ldzip"	4000	8	1	1	"PASS"	""	0.039	0.087	66	5.028	76.18181818	5.23	202912	207781888	2072870912	4000	1.6e+07	1.28e+08	364214	NA	NA	536870912	0	"/root/duckseq/demos/ldzip/work/perf/native/profiles/ldzip-n4000-b8-t1-r1.json"	"/root/duckseq/demos/ldzip/work/perf/native/logs/ldzip-n4000-b8-t1-r1.log"	"1.5.5"	"1.0"	"FULL_PROTOCOL"
"ldzip"	4000	8	1	2	"PASS"	""	0.04	0.084	66	5.053	76.56060606	5.25	202964	207835136	2072870912	4000	1.6e+07	1.28e+08	364214	NA	NA	536870912	0	"/root/duckseq/demos/ldzip/work/perf/native/profiles/ldzip-n4000-b8-t1-r2.json"	"/root/duckseq/demos/ldzip/work/perf/native/logs/ldzip-n4000-b8-t1-r2.log"	"1.5.5"	"1.0"	"FULL_PROTOCOL"
"tinycc"	4000	8	1	2	"PASS"	""	0.023	0.647	8	5.094	636.75	6.08	463052	474165248	2072870912	4000	1.6e+07	1.28e+08	364214	597585736	0	536870912	0.636	"/root/duckseq/demos/ldzip/work/perf/native/profiles/tinycc-n4000-b8-t1-r2.json"	"/root/duckseq/demos/ldzip/work/perf/native/logs/tinycc-n4000-b8-t1-r2.log"	"1.5.5"	"1.0"	"FULL_PROTOCOL"
"sql"	4000	8	1	2	"FAIL"	"worker exit 1  21. | \-rlang::abort(error_parts, class = \"duckdb_error\", !!!fields) |  22. |   \-rlang:::signal_abort(cnd, .file) |  23. |     \-base::signalCondition(cnd) |  24. \-rlang (local) `<fn>`(`<dckdb_rr>`) |  25.   \-handlers[[1L]](cnd) |  26.     \-duckdb:::rethrow_error_from_rapi(e, call) |  27.       \-rlang::abort(msg, call = call) | Execution halted"	NA	NA	NA	NA	NA	1.48	1000160	1024163840	2072870912	NA	NA	NA	NA	NA	NA	536870912	NA	"/root/duckseq/demos/ldzip/work/perf/native/profiles/sql-n4000-b8-t1-r2.json"	"/root/duckseq/demos/ldzip/work/perf/native/logs/sql-n4000-b8-t1-r2.log"	"1.5.5"	"1.0"	"FULL_PROTOCOL"
"sql"	4000	8	1	3	"FAIL"	"worker exit 1  21. | \-rlang::abort(error_parts, class = \"duckdb_error\", !!!fields) |  22. |   \-rlang:::signal_abort(cnd, .file) |  23. |     \-base::signalCondition(cnd) |  24. \-rlang (local) `<fn>`(`<dckdb_rr>`) |  25.   \-handlers[[1L]](cnd) |  26.     \-duckdb:::rethrow_error_from_rapi(e, call) |  27.       \-rlang::abort(msg, call = call) | Execution halted"	NA	NA	NA	NA	NA	1.48	1000232	1024237568	2072870912	NA	NA	NA	NA	NA	NA	536870912	NA	"/root/duckseq/demos/ldzip/work/perf/native/profiles/sql-n4000-b8-t1-r3.json"	"/root/duckseq/demos/ldzip/work/perf/native/logs/sql-n4000-b8-t1-r3.log"	"1.5.5"	"1.0"	"FULL_PROTOCOL"
"tinycc"	4000	8	1	3	"PASS"	""	0.023	0.649	8	5.085	635.625	6.07	463892	475025408	2072870912	4000	1.6e+07	1.28e+08	364214	597561160	0	536870912	0.642	"/root/duckseq/demos/ldzip/work/perf/native/profiles/tinycc-n4000-b8-t1-r3.json"	"/root/duckseq/demos/ldzip/work/perf/native/logs/tinycc-n4000-b8-t1-r3.log"	"1.5.5"	"1.0"	"FULL_PROTOCOL"
"ldzip"	4000	8	1	3	"PASS"	""	0.038	0.085	66	5.033	76.25757576	5.24	203464	208347136	2072870912	4000	1.6e+07	1.28e+08	364214	NA	NA	536870912	0	"/root/duckseq/demos/ldzip/work/perf/native/profiles/ldzip-n4000-b8-t1-r3.json"	"/root/duckseq/demos/ldzip/work/perf/native/logs/ldzip-n4000-b8-t1-r3.log"	"1.5.5"	"1.0"	"FULL_PROTOCOL"
"sql"	4000	8	4	1	"FAIL"	"worker exit 1  21. | \-rlang::abort(error_parts, class = \"duckdb_error\", !!!fields) |  22. |   \-rlang:::signal_abort(cnd, .file) |  23. |     \-base::signalCondition(cnd) |  24. \-rlang (local) `<fn>`(`<dckdb_rr>`) |  25.   \-handlers[[1L]](cnd) |  26.     \-duckdb:::rethrow_error_from_rapi(e, call) |  27.       \-rlang::abort(msg, call = call) | Execution halted"	NA	NA	NA	NA	NA	0.92	947968	970719232	2072870912	NA	NA	NA	NA	NA	NA	536870912	NA	"/root/duckseq/demos/ldzip/work/perf/native/profiles/sql-n4000-b8-t4-r1.json"	"/root/duckseq/demos/ldzip/work/perf/native/logs/sql-n4000-b8-t4-r1.log"	"1.5.5"	"1.0"	"FULL_PROTOCOL"
"tinycc"	4000	8	4	1	"PASS"	""	0.024	0.502	12	5.406	450.5	6.24	694520	711188480	2072870912	4000	1.6e+07	1.28e+08	364214	602054472	0	536870912	0.452	"/root/duckseq/demos/ldzip/work/perf/native/profiles/tinycc-n4000-b8-t4-r1.json"	"/root/duckseq/demos/ldzip/work/perf/native/logs/tinycc-n4000-b8-t4-r1.log"	"1.5.5"	"1.0"	"FULL_PROTOCOL"
"tinycc"	4000	8	4	2	"PASS"	""	0.022	0.497	12	5.413	451.0833333	6.22	694936	711614464	2072870912	4000	1.6e+07	1.28e+08	364214	601648968	0	536870912	0.445	"/root/duckseq/demos/ldzip/work/perf/native/profiles/tinycc-n4000-b8-t4-r2.json"	"/root/duckseq/demos/ldzip/work/perf/native/logs/tinycc-n4000-b8-t4-r2.log"	"1.5.5"	"1.0"	"FULL_PROTOCOL"
"sql"	4000	8	4	2	"FAIL"	"worker exit 1  21. | \-rlang::abort(error_parts, class = \"duckdb_error\", !!!fields) |  22. |   \-rlang:::signal_abort(cnd, .file) |  23. |     \-base::signalCondition(cnd) |  24. \-rlang (local) `<fn>`(`<dckdb_rr>`) |  25.   \-handlers[[1L]](cnd) |  26.     \-duckdb:::rethrow_error_from_rapi(e, call) |  27.       \-rlang::abort(msg, call = call) | Execution halted"	NA	NA	NA	NA	NA	0.93	948752	971522048	2072870912	NA	NA	NA	NA	NA	NA	536870912	NA	"/root/duckseq/demos/ldzip/work/perf/native/profiles/sql-n4000-b8-t4-r2.json"	"/root/duckseq/demos/ldzip/work/perf/native/logs/sql-n4000-b8-t4-r2.log"	"1.5.5"	"1.0"	"FULL_PROTOCOL"
"sql"	4000	8	4	3	"FAIL"	"worker exit 1  21. | \-rlang::abort(error_parts, class = \"duckdb_error\", !!!fields) |  22. |   \-rlang:::signal_abort(cnd, .file) |  23. |     \-base::signalCondition(cnd) |  24. \-rlang (local) `<fn>`(`<dckdb_rr>`) |  25.   \-handlers[[1L]](cnd) |  26.     \-duckdb:::rethrow_error_from_rapi(e, call) |  27.       \-rlang::abort(msg, call = call) | Execution halted"	NA	NA	NA	NA	NA	0.93	950860	973680640	2072870912	NA	NA	NA	NA	NA	NA	536870912	NA	"/root/duckseq/demos/ldzip/work/perf/native/profiles/sql-n4000-b8-t4-r3.json"	"/root/duckseq/demos/ldzip/work/perf/native/logs/sql-n4000-b8-t4-r3.log"	"1.5.5"	"1.0"	"FULL_PROTOCOL"
"tinycc"	4000	8	4	3	"PASS"	""	0.023	0.49	12	5.422	451.8333333	6.22	694428	711094272	2072870912	4000	1.6e+07	1.28e+08	364214	601841480	0	536870912	0.446	"/root/duckseq/demos/ldzip/work/perf/native/profiles/tinycc-n4000-b8-t4-r3.json"	"/root/duckseq/demos/ldzip/work/perf/native/logs/tinycc-n4000-b8-t4-r3.log"	"1.5.5"	"1.0"	"FULL_PROTOCOL"
"sql"	4000	16	1	1	"FAIL"	"worker exit 1  21. | \-rlang::abort(error_parts, class = \"duckdb_error\", !!!fields) |  22. |   \-rlang:::signal_abort(cnd, .file) |  23. |     \-base::signalCondition(cnd) |  24. \-rlang (local) `<fn>`(`<dckdb_rr>`) |  25.   \-handlers[[1L]](cnd) |  26.     \-duckdb:::rethrow_error_from_rapi(e, call) |  27.       \-rlang::abort(msg, call = call) | Execution halted"	NA	NA	NA	NA	NA	1.51	1000384	1024393216	2072870912	NA	NA	NA	NA	NA	NA	536870912	NA	"/root/duckseq/demos/ldzip/work/perf/native/profiles/sql-n4000-b16-t1-r1.json"	"/root/duckseq/demos/ldzip/work/perf/native/logs/sql-n4000-b16-t1-r1.log"	"1.5.5"	"1.0"	"FULL_PROTOCOL"
"tinycc"	4000	16	1	1	"PASS"	""	0.023	0.647	8	5.067	633.375	6.05	463436	474558464	2072870912	4000	1.6e+07	1.28e+08	364214	597585740	0	536870912	0.638	"/root/duckseq/demos/ldzip/work/perf/native/profiles/tinycc-n4000-b16-t1-r1.json"	"/root/duckseq/demos/ldzip/work/perf/native/logs/tinycc-n4000-b16-t1-r1.log"	"1.5.5"	"1.0"	"FULL_PROTOCOL"
"ldzip"	4000	16	1	1	"PASS"	""	0.039	0.082	67	5.064	75.58208955	5.25	203416	208297984	2072870912	4000	1.6e+07	1.28e+08	364214	NA	NA	536870912	0	"/root/duckseq/demos/ldzip/work/perf/native/profiles/ldzip-n4000-b16-t1-r1.json"	"/root/duckseq/demos/ldzip/work/perf/native/logs/ldzip-n4000-b16-t1-r1.log"	"1.5.5"	"1.0"	"FULL_PROTOCOL"
"ldzip"	4000	16	1	2	"PASS"	""	0.041	0.086	66	5.029	76.1969697	5.24	203236	208113664	2072870912	4000	1.6e+07	1.28e+08	364214	NA	NA	536870912	0	"/root/duckseq/demos/ldzip/work/perf/native/profiles/ldzip-n4000-b16-t1-r2.json"	"/root/duckseq/demos/ldzip/work/perf/native/logs/ldzip-n4000-b16-t1-r2.log"	"1.5.5"	"1.0"	"FULL_PROTOCOL"
"tinycc"	4000	16	1	2	"PASS"	""	0.024	0.652	8	5.091	636.375	6.06	463480	474603520	2072870912	4000	1.6e+07	1.28e+08	364214	597561164	0	536870912	0.625	"/root/duckseq/demos/ldzip/work/perf/native/profiles/tinycc-n4000-b16-t1-r2.json"	"/root/duckseq/demos/ldzip/work/perf/native/logs/tinycc-n4000-b16-t1-r2.log"	"1.5.5"	"1.0"	"FULL_PROTOCOL"
"sql"	4000	16	1	2	"FAIL"	"worker exit 1  21. | \-rlang::abort(error_parts, class = \"duckdb_error\", !!!fields) |  22. |   \-rlang:::signal_abort(cnd, .file) |  23. |     \-base::signalCondition(cnd) |  24. \-rlang (local) `<fn>`(`<dckdb_rr>`) |  25.   \-handlers[[1L]](cnd) |  26.     \-duckdb:::rethrow_error_from_rapi(e, call) |  27.       \-rlang::abort(msg, call = call) | Execution halted"	NA	NA	NA	NA	NA	1.48	1000460	1024471040	2072870912	NA	NA	NA	NA	NA	NA	536870912	NA	"/root/duckseq/demos/ldzip/work/perf/native/profiles/sql-n4000-b16-t1-r2.json"	"/root/duckseq/demos/ldzip/work/perf/native/logs/sql-n4000-b16-t1-r2.log"	"1.5.5"	"1.0"	"FULL_PROTOCOL"
"sql"	4000	16	1	3	"FAIL"	"worker exit 1  21. | \-rlang::abort(error_parts, class = \"duckdb_error\", !!!fields) |  22. |   \-rlang:::signal_abort(cnd, .file) |  23. |     \-base::signalCondition(cnd) |  24. \-rlang (local) `<fn>`(`<dckdb_rr>`) |  25.   \-handlers[[1L]](cnd) |  26.     \-duckdb:::rethrow_error_from_rapi(e, call) |  27.       \-rlang::abort(msg, call = call) | Execution halted"	NA	NA	NA	NA	NA	1.48	1000896	1024917504	2072870912	NA	NA	NA	NA	NA	NA	536870912	NA	"/root/duckseq/demos/ldzip/work/perf/native/profiles/sql-n4000-b16-t1-r3.json"	"/root/duckseq/demos/ldzip/work/perf/native/logs/sql-n4000-b16-t1-r3.log"	"1.5.5"	"1.0"	"FULL_PROTOCOL"
"tinycc"	4000	16	1	3	"PASS"	""	0.023	0.649	8	5.067	633.375	6.05	462564	473665536	2072870912	4000	1.6e+07	1.28e+08	364214	597585740	0	536870912	0.639	"/root/duckseq/demos/ldzip/work/perf/native/profiles/tinycc-n4000-b16-t1-r3.json"	"/root/duckseq/demos/ldzip/work/perf/native/logs/tinycc-n4000-b16-t1-r3.log"	"1.5.5"	"1.0"	"FULL_PROTOCOL"
"ldzip"	4000	16	1	3	"PASS"	""	0.038	0.083	66	5.074	76.87878788	5.26	203416	208297984	2072870912	4000	1.6e+07	1.28e+08	364214	NA	NA	536870912	0	"/root/duckseq/demos/ldzip/work/perf/native/profiles/ldzip-n4000-b16-t1-r3.json"	"/root/duckseq/demos/ldzip/work/perf/native/logs/ldzip-n4000-b16-t1-r3.log"	"1.5.5"	"1.0"	"FULL_PROTOCOL"
"sql"	4000	16	4	1	"FAIL"	"worker exit 1  21. | \-rlang::abort(error_parts, class = \"duckdb_error\", !!!fields) |  22. |   \-rlang:::signal_abort(cnd, .file) |  23. |     \-base::signalCondition(cnd) |  24. \-rlang (local) `<fn>`(`<dckdb_rr>`) |  25.   \-handlers[[1L]](cnd) |  26.     \-duckdb:::rethrow_error_from_rapi(e, call) |  27.       \-rlang::abort(msg, call = call) | Execution halted"	NA	NA	NA	NA	NA	0.92	950620	973434880	2072870912	NA	NA	NA	NA	NA	NA	536870912	NA	"/root/duckseq/demos/ldzip/work/perf/native/profiles/sql-n4000-b16-t4-r1.json"	"/root/duckseq/demos/ldzip/work/perf/native/logs/sql-n4000-b16-t4-r1.log"	"1.5.5"	"1.0"	"FULL_PROTOCOL"
"tinycc"	4000	16	4	1	"PASS"	""	0.024	0.495	11	5.005	455	5.82	694584	711254016	2072870912	4000	1.6e+07	1.28e+08	364214	602005324	0	536870912	0.448	"/root/duckseq/demos/ldzip/work/perf/native/profiles/tinycc-n4000-b16-t4-r1.json"	"/root/duckseq/demos/ldzip/work/perf/native/logs/tinycc-n4000-b16-t4-r1.log"	"1.5.5"	"1.0"	"FULL_PROTOCOL"
"tinycc"	4000	16	4	2	"PASS"	""	0.024	0.485	12	5.434	452.8333333	6.24	786684	805564416	2072870912	4000	1.6e+07	1.28e+08	364214	602013516	0	536870912	0.446	"/root/duckseq/demos/ldzip/work/perf/native/profiles/tinycc-n4000-b16-t4-r2.json"	"/root/duckseq/demos/ldzip/work/perf/native/logs/tinycc-n4000-b16-t4-r2.log"	"1.5.5"	"1.0"	"FULL_PROTOCOL"
"sql"	4000	16	4	2	"FAIL"	"worker exit 1  21. | \-rlang::abort(error_parts, class = \"duckdb_error\", !!!fields) |  22. |   \-rlang:::signal_abort(cnd, .file) |  23. |     \-base::signalCondition(cnd) |  24. \-rlang (local) `<fn>`(`<dckdb_rr>`) |  25.   \-handlers[[1L]](cnd) |  26.     \-duckdb:::rethrow_error_from_rapi(e, call) |  27.       \-rlang::abort(msg, call = call) | Execution halted"	NA	NA	NA	NA	NA	0.93	950256	973062144	2072870912	NA	NA	NA	NA	NA	NA	536870912	NA	"/root/duckseq/demos/ldzip/work/perf/native/profiles/sql-n4000-b16-t4-r2.json"	"/root/duckseq/demos/ldzip/work/perf/native/logs/sql-n4000-b16-t4-r2.log"	"1.5.5"	"1.0"	"FULL_PROTOCOL"
"sql"	4000	16	4	3	"FAIL"	"worker exit 1  21. | \-rlang::abort(error_parts, class = \"duckdb_error\", !!!fields) |  22. |   \-rlang:::signal_abort(cnd, .file) |  23. |     \-base::signalCondition(cnd) |  24. \-rlang (local) `<fn>`(`<dckdb_rr>`) |  25.   \-handlers[[1L]](cnd) |  26.     \-duckdb:::rethrow_error_from_rapi(e, call) |  27.       \-rlang::abort(msg, call = call) | Execution halted"	NA	NA	NA	NA	NA	0.93	949224	972005376	2072870912	NA	NA	NA	NA	NA	NA	536870912	NA	"/root/duckseq/demos/ldzip/work/perf/native/profiles/sql-n4000-b16-t4-r3.json"	"/root/duckseq/demos/ldzip/work/perf/native/logs/sql-n4000-b16-t4-r3.log"	"1.5.5"	"1.0"	"FULL_PROTOCOL"
"tinycc"	4000	16	4	3	"PASS"	""	0.025	0.489	11	5.01	455.4545455	5.82	786736	805617664	2072870912	4000	1.6e+07	1.28e+08	364214	602021708	0	536870912	0.445	"/root/duckseq/demos/ldzip/work/perf/native/profiles/tinycc-n4000-b16-t4-r3.json"	"/root/duckseq/demos/ldzip/work/perf/native/logs/tinycc-n4000-b16-t4-r3.log"	"1.5.5"	"1.0"	"FULL_PROTOCOL"
