engine	n	bits	threads	processes	successful_processes	median_process_mean_ms	min_process_mean_ms	max_process_mean_ms	median_first_s	max_peak_rss_bytes	rss_ceiling_bytes	max_profile_spill_bytes	cell_status
sql	1000	8	1	3	3	184.1785714	181.8571429	185.1428571	0.206	263348224	632870912	0	PASS
tinycc	1000	8	1	3	3	40.04	40	40.048	0.044	171515904	632870912	0	PASS
ldzip	1000	8	1	3	3	3.858134156	3.82848392	3.887334887	0.004	135737344	632870912	NA	PASS
sql	1000	8	4	3	3	98.50980392	97.98076923	100.88	0.126	518705152	632870912	0	PASS
tinycc	1000	8	4	3	3	30.73006135	30.6809816	30.89506173	0.037	235696128	632870912	0	PASS
sql	1000	16	1	3	3	185.1851852	182.5357143	185.6666667	0.208	263106560	632870912	0	PASS
tinycc	1000	16	1	3	3	40.096	39.63779528	40.39516129	0.045	170954752	632870912	0	PASS
ldzip	1000	16	1	3	3	3.849230769	3.839600921	3.86929621	0.005	135524352	632870912	NA	PASS
sql	1000	16	4	3	3	98.76470588	98.41176471	101	0.129	516120576	632870912	0	PASS
tinycc	1000	16	4	3	3	30.56707317	28.48863636	30.74233129	0.036	236580864	632870912	0	PASS
sql	2000	8	1	3	3	758.2857143	756.8571429	762.1428571	0.808	496857088	920870912	0	PASS
tinycc	2000	8	1	3	3	161.9677419	161.21875	162.6451613	0.171	242921472	920870912	0	PASS
ldzip	2000	8	1	3	3	14.49855072	14.48265896	14.6374269	0.016	143589376	920870912	NA	PASS
sql	2000	8	4	3	0	NA	NA	NA	0.381	1089892352	920870912	0	FAIL
tinycc	2000	8	4	3	3	121.1904762	120.452381	121.452381	0.129	307654656	920870912	0	PASS
sql	2000	16	1	3	3	763.5714286	761.1428571	766.1428571	0.808	497143808	920870912	0	PASS
tinycc	2000	16	1	3	3	163.1935484	163.1612903	163.6774194	0.173	242999296	920870912	0	PASS
ldzip	2000	16	1	3	3	14.85459941	14.79351032	15.01801802	0.016	143933440	920870912	NA	PASS
sql	2000	16	4	3	0	NA	NA	NA	0.373	1073836032	920870912	0	FAIL
tinycc	2000	16	4	3	3	120.8809524	119.8571429	121.1428571	0.137	309641216	920870912	0	PASS
sql	4000	8	1	3	0	NA	NA	NA	NA	1024237568	2072870912	NA	FAIL
tinycc	4000	8	1	3	3	636.75	635.625	650.375	0.649	475025408	2072870912	0	PASS
ldzip	4000	8	1	3	3	76.25757576	76.18181818	76.56060606	0.085	208347136	2072870912	NA	PASS
sql	4000	8	4	3	0	NA	NA	NA	NA	973680640	2072870912	NA	FAIL
tinycc	4000	8	4	3	3	451.0833333	450.5	451.8333333	0.497	711614464	2072870912	0	PASS
sql	4000	16	1	3	0	NA	NA	NA	NA	1024917504	2072870912	NA	FAIL
tinycc	4000	16	1	3	3	633.375	633.375	636.375	0.649	474603520	2072870912	0	PASS
ldzip	4000	16	1	3	3	76.1969697	75.58208955	76.87878788	0.083	208297984	2072870912	NA	PASS
sql	4000	16	4	3	0	NA	NA	NA	NA	973434880	2072870912	NA	FAIL
tinycc	4000	16	4	3	3	455	452.8333333	455.4545455	0.489	805617664	2072870912	0	PASS
